ID,Area / Neighbourhood Name,Phase,Local Authority,Nation / Region,PiP Funding Target,Board Status,Population,IMD Decile,Latitude,Longitude,Board / LA Website,Deprivation / Selection Notes,Associated EFL Club,EFL League,Notes & Verification
kirkby_in_ashfield,Kirkby-in-Ashfield,Phase 1 (Plan for Neighbourhoods),Ashfield District,UK,£20m (10 years),Established,"27,000",3,53.099,-1.247,https://www.ashfield.gov.uk/regeneration/,Phase 1 area.,,,"Phase 1 place (Plan for Neighbourhoods). Name corrected from ""Ashfield"" — verified against GOV.UK Jul 2026."
boston,Boston,Phase 1 (Plan for Neighbourhoods),Boston Borough,UK,£20m (10 years),Established,"70,000",2,52.9775708,-0.0237923,https://bostontownboard.co.uk/,Phase 1 area.,,,Generated from UK Parliament Phase 1 list.
chesterfield,Chesterfield,Phase 1 (Plan for Neighbourhoods),Chesterfield Borough,UK,£20m (10 years),Established,"104,000",2,53.235666,-1.4290929,https://chesterfield.gov.uk/business-and-economic-growth/regeneration-and-economic-growth/pride-in-place-chesterfield-town-board/,Phase 1 area.,Chesterfield,League Two,Generated from UK Parliament Phase 1 list.
clifton_nottingham,"Clifton, Nottingham",Phase 1 (Plan for Neighbourhoods),Nottingham City,UK,£20m (10 years),Established,"22,000",1,52.9053656,-1.1814134,https://www.nottinghamcity.gov.uk/information-for-residents/community/communities/clifton-neighbourhood-board,Phase 1 area.,,,Generated from UK Parliament Phase 1 list.
mansfield,Mansfield,Phase 1 (Plan for Neighbourhoods),Mansfield District,UK,£20m (10 years),Established,"110,000",2,53.1443785,-1.1964165,,Phase 1 area.,Mansfield Town,League One,Generated from UK Parliament Phase 1 list.
newark_on_trent,Newark-on-Trent,Phase 1 (Plan for Neighbourhoods),Newark and Sherwood,UK,£20m (10 years),Established,"28,000",4,53.0761693,-0.8092339,https://newarktownboard.co.uk/,Phase 1 area.,,,Generated from UK Parliament Phase 1 list.
skegness,Skegness,Phase 1 (Plan for Neighbourhoods),East Lindsey,UK,£20m (10 years),Established,"21,000",1,53.142547,0.3405228,https://togetherforskegness.co.uk/,Phase 1 area.,,,Generated from UK Parliament Phase 1 list.
spalding,Spalding,Phase 1 (Plan for Neighbourhoods),South Holland,UK,£20m (10 years),Established,"31,000",4,52.7865721,-0.148526,https://lovespalding.co.uk/,Phase 1 area.,,,Generated from UK Parliament Phase 1 list.
worksop,Worksop,Phase 1 (Plan for Neighbourhoods),Bassetlaw,UK,£20m (10 years),Established,"41,000",3,53.3042362,-1.1246168,https://www.bassetlaw.gov.uk/community-and-living/worksop-together-board/,Phase 1 area.,,,Generated from UK Parliament Phase 1 list.
clacton-on-sea,Clacton-on-Sea,Phase 1 (Plan for Neighbourhoods),Tendring,UK,£20m (10 years),Established,"50,000",1,51.7883997,1.1527865,https://loveclacton.org/,Phase 1 area.,,,Generated from UK Parliament Phase 1 list.
great_yarmouth,Great Yarmouth,Phase 1 (Plan for Neighbourhoods),Great Yarmouth Borough,UK,£20m (10 years),Established,"99,000",1,52.6071742,1.7314845,,Phase 1 area.,,,Generated from UK Parliament Phase 1 list.
blyth,Blyth,Phase 1 (Plan for Neighbourhoods),Northumberland,UK,£20m (10 years),Established,"37,000",2,55.1270903,-1.5099726,https://www.northumberland.gov.uk/BPIPP,Phase 1 area.,,,Generated from UK Parliament Phase 1 list.
eston,Eston,Phase 1 (Plan for Neighbourhoods),Redcar and Cleveland,UK,£20m (10 years),Established,"7,000",2,54.5591924,-1.1440011,https://www.redcar-cleveland.gov.uk/developing-the-borough/ts6-together,Phase 1 area.,,,Generated from UK Parliament Phase 1 list.
hartlepool,Hartlepool,Phase 1 (Plan for Neighbourhoods),Hartlepool Borough,UK,£20m (10 years),Established,"92,000",1,54.6857276,-1.2093696,https://www.hartlepool.gov.uk/homepage/114/hartlepool-pride-in-place,Phase 1 area.,,,Generated from UK Parliament Phase 1 list.
jarrow,Jarrow,Phase 1 (Plan for Neighbourhoods),South Tyneside,UK,£20m (10 years),Established,"43,000",2,54.9812514,-1.4908447,https://www.southtyneside.gov.uk/article/22703/Overview,Phase 1 area.,,,Generated from UK Parliament Phase 1 list.
spennymoor,Spennymoor,Phase 1 (Plan for Neighbourhoods),County Durham,UK,£20m (10 years),Established,"19,000",3,54.699551,-1.601153,https://www.durham.gov.uk/article/31127/Spennymoor-Pride-in-Place-Programme,Phase 1 area.,,,Generated from UK Parliament Phase 1 list.
washington,Washington,Phase 1 (Plan for Neighbourhoods),Sunderland City,UK,£20m (10 years),Established,"68,000",3,54.898614,-1.528827,https://www.sunderland.gov.uk/Washington-Neighbourhood-Programme-Board,Phase 1 area.,,,Generated from UK Parliament Phase 1 list.
accrington,Accrington,Phase 1 (Plan for Neighbourhoods),Hyndburn,UK,£20m (10 years),Established,"35,000",1,53.7541156,-2.3655434,https://accringtontownsquare.com/plan-for-neighbourhoods/,Phase 1 area.,Accrington Stanley,League Two,Generated from UK Parliament Phase 1 list.
ashton-under-lyne,Ashton-under-Lyne,Phase 1 (Plan for Neighbourhoods),Tameside,UK,£20m (10 years),Established,"45,000",2,53.4865407,-2.098691,https://www.tameside.gov.uk/ashtonprideinplace,Phase 1 area.,,,Generated from UK Parliament Phase 1 list.
burnley,Burnley,Phase 1 (Plan for Neighbourhoods),Burnley Borough,UK,£20m (10 years),Established,"73,000",1,53.7907262,-2.2439196,https://ourtownourplan.org.uk/,Phase 1 area.,,,Generated from UK Parliament Phase 1 list.
chadderton,Chadderton,Phase 1 (Plan for Neighbourhoods),Oldham Borough,UK,£20m (10 years),Established,"34,000",3,53.545462,-2.1378267,https://www.oldham.gov.uk/info/201088/regeneration/3130/plan_for_neighbourhoods,Phase 1 area.,,,Generated from UK Parliament Phase 1 list.
darwen,Darwen,Phase 1 (Plan for Neighbourhoods),Blackburn with Darwen,UK,£20m (10 years),Established,"28,000",3,53.6960957,-2.4665093,,Phase 1 area.,,,Generated from UK Parliament Phase 1 list.
farnworth,Farnworth,Phase 1 (Plan for Neighbourhoods),Bolton Borough,UK,£20m (10 years),Established,"30,000",2,53.5485989,-2.3969984,https://focusonfarnworth.org/,Phase 1 area.,,,Generated from UK Parliament Phase 1 list.
heywood,Heywood,Phase 1 (Plan for Neighbourhoods),Rochdale Borough,UK,£20m (10 years),Established,"28,000",2,53.5967685,-2.2239715,https://www.theheywoodplan.com/,Phase 1 area.,,,Generated from UK Parliament Phase 1 list.
kirkby,Kirkby,Phase 1 (Plan for Neighbourhoods),Knowsley,UK,£20m (10 years),Established,"41,000",1,53.4821071,-2.8886045,https://kirkbyneighbourhoodboard.co.uk/,Phase 1 area.,,,Generated from UK Parliament Phase 1 list.
leigh,Leigh,Phase 1 (Plan for Neighbourhoods),Wigan Borough,UK,£20m (10 years),Established,"41,000",2,53.4960455,-2.5171495,https://www.wigan.gov.uk/Council/Projects/Leigh-Town-Board.aspx,Phase 1 area.,,,Generated from UK Parliament Phase 1 list.
nelson,Nelson,Phase 1 (Plan for Neighbourhoods),Pendle,UK,£20m (10 years),Established,"29,000",1,53.8363428,-2.2116469,,Phase 1 area.,,,Generated from UK Parliament Phase 1 list.
coleraine,Coleraine,Phase 1 (Plan for Neighbourhoods),Causeway Coast and Glens,UK,£20m (10 years),Established,"24,000",3,55.1315912,-6.671861,https://www.causewaycoastandglens.gov.uk/live/coleraine-future-town-fund,Phase 1 area.,,,Generated from UK Parliament Phase 1 list.
clydebank,Clydebank,Phase 1 (Plan for Neighbourhoods),West Dunbartonshire,UK,£20m (10 years),Established,"28,000",2,55.9026837,-4.4034151,https://www.west-dunbarton.gov.uk/business/regeneration/clydebank-town-centre/pride-in-place,Phase 1 area.,,,Generated from UK Parliament Phase 1 list.
dumfries,Dumfries,Phase 1 (Plan for Neighbourhoods),Dumfries and Galloway,UK,£20m (10 years),Established,"33,000",4,55.0691831,-3.6106856,https://dumfriestownboard.uk/,Phase 1 area.,,,Generated from UK Parliament Phase 1 list.
elgin,Elgin,Phase 1 (Plan for Neighbourhoods),Moray,UK,£20m (10 years),Established,"23,000",5,57.6487891,-3.3148459,https://mymoray.co.uk/elgin-regeneration-plan/,Phase 1 area.,,,Generated from UK Parliament Phase 1 list.
greenock,Greenock,Phase 1 (Plan for Neighbourhoods),Inverclyde,UK,£20m (10 years),Established,"44,000",1,55.9473423,-4.7564721,https://www.inverclyde.gov.uk/greenock-pride-in-place-plan,Phase 1 area.,,,Generated from UK Parliament Phase 1 list.
irvine,Irvine,Phase 1 (Plan for Neighbourhoods),North Ayrshire,UK,£20m (10 years),Established,"33,000",2,55.6131309,-4.6696399,https://northayrshire.community/irvine-neighbourhood-board/,Phase 1 area.,,,Generated from UK Parliament Phase 1 list.
kilmarnock,Kilmarnock,Phase 1 (Plan for Neighbourhoods),East Ayrshire,UK,£20m (10 years),Established,"46,000",2,55.6100589,-4.4964652,https://wemakekilmarnock.co.uk/,Phase 1 area.,,,Generated from UK Parliament Phase 1 list.
bexhill-on-sea,Bexhill-on-Sea,Phase 1 (Plan for Neighbourhoods),Rother,UK,£20m (10 years),Established,"44,000",4,50.8419553,0.4709063,https://bexhillneighbourhoodboard.co.uk/,Phase 1 area.,,,Generated from UK Parliament Phase 1 list.
hastings,Hastings,Phase 1 (Plan for Neighbourhoods),Hastings Borough,UK,£20m (10 years),Established,"92,000",1,50.8550976,0.5821779,https://www.hastings.gov.uk/regeneration/pride-in-place,Phase 1 area.,,,Generated from UK Parliament Phase 1 list.
ryde,Ryde,Phase 1 (Plan for Neighbourhoods),Isle of Wight,UK,£20m (10 years),Established,"23,000",4,50.7299865,-1.1603699,https://rydeneighbourhoodboard.org.uk/,Phase 1 area.,,,Generated from UK Parliament Phase 1 list.
torquay,Torquay,Phase 1 (Plan for Neighbourhoods),Torbay,UK,£20m (10 years),Established,"65,000",2,50.4652392,-3.5211361,https://www.torbay.gov.uk/DemocraticServices/mgCommitteeDetails.aspx?ID=1988,Phase 1 area.,,,Generated from UK Parliament Phase 1 list.
barry,Barry,Phase 1 (Plan for Neighbourhoods),Vale of Glamorgan,UK,£20m (10 years),Established,"54,000",4,51.4065052,-3.2666925,https://participate.valeofglamorgan.gov.uk/plan-for-barry,Phase 1 area.,,,Generated from UK Parliament Phase 1 list.
cwmbran,Cwmbran,Phase 1 (Plan for Neighbourhoods),Torfaen,UK,£20m (10 years),Established,"48,000",3,51.6536438,-3.0208217,https://getinvolved.torfaen.gov.uk/cwmbran-futures,Phase 1 area.,,,Generated from UK Parliament Phase 1 list.
rhyl,Rhyl,Phase 1 (Plan for Neighbourhoods),Denbighshire,UK,£20m (10 years),Established,"25,000",1,53.3207425,-3.4907258,https://ourrhyl.wales/,Phase 1 area.,,,Generated from UK Parliament Phase 1 list.
wrexham,Wrexham,Phase 1 (Plan for Neighbourhoods),Wrexham,UK,£20m (10 years),Established,"61,000",3,53.0465084,-2.9937869,https://www.wrexham.gov.uk/service/plan-neighbourhoods,Phase 1 area.,Wrexham,Championship,Generated from UK Parliament Phase 1 list.
bilston,Bilston,Phase 1 (Plan for Neighbourhoods),Wolverhampton,UK,£20m (10 years),Established,"25,000",1,52.5700229,-2.0822333,https://wolverhampton.moderngov.co.uk/mgCommitteeDetails.aspx?ID=1072,Phase 1 area.,,,Generated from UK Parliament Phase 1 list.
darlaston,Darlaston,Phase 1 (Plan for Neighbourhoods),Walsall,UK,£20m (10 years),Established,"18,000",1,52.5733189,-2.0355619,https://www.darlastonplan.co.uk/,Phase 1 area.,,,Generated from UK Parliament Phase 1 list.
dudley,Dudley,Phase 1 (Plan for Neighbourhoods),Dudley,UK,£20m (10 years),Established,"79,000",2,52.5110832,-2.0816813,https://www.regeneratingdudley.org.uk/plan-for-neighbourhoods,Phase 1 area.,,,Generated from UK Parliament Phase 1 list.
smethwick,Smethwick,Phase 1 (Plan for Neighbourhoods),Sandwell,UK,£20m (10 years),Established,"48,000",1,52.4968157,-1.9739174,https://www.sandwell.gov.uk/Smethwick-LTP/,Phase 1 area.,,,Generated from UK Parliament Phase 1 list.
barnsley,Barnsley,Phase 1 (Plan for Neighbourhoods),Barnsley,UK,£20m (10 years),Established,"91,000",2,53.5527719,-1.4827755,https://barnsleymbc.moderngov.co.uk/mgCommitteeDetails.aspx?ID=662,Phase 1 area.,Barnsley,League One,Generated from UK Parliament Phase 1 list.
castleford,Castleford,Phase 1 (Plan for Neighbourhoods),Wakefield,UK,£20m (10 years),Established,"39,000",2,53.7262305,-1.3517218,https://www.wakefield.gov.uk/regeneration/pride-in-place/pride-in-place-castleford,Phase 1 area.,,,Generated from UK Parliament Phase 1 list.
doncaster,Doncaster,Phase 1 (Plan for Neighbourhoods),Doncaster,UK,£20m (10 years),Established,"109,000",2,53.5227681,-1.1335312,https://www.teamdoncaster.org.uk/pride-in-place,Phase 1 area.,Doncaster Rovers,League One,Generated from UK Parliament Phase 1 list.
grimsby,Grimsby,Phase 1 (Plan for Neighbourhoods),North East Lincolnshire,UK,£20m (10 years),Established,"88,000",1,53.5671407,-0.0788045,https://www.our-future.io/grimsby-together,Phase 1 area.,Grimsby Town,League Two,Generated from UK Parliament Phase 1 list.
rotherham,Rotherham,Phase 1 (Plan for Neighbourhoods),Rotherham,UK,£20m (10 years),Established,"109,000",2,53.4314507,-1.3562051,https://www.rotherham.gov.uk/local-economy/pride-in-place,Phase 1 area.,Rotherham United,League One,Generated from UK Parliament Phase 1 list.
scunthorpe,Scunthorpe,Phase 1 (Plan for Neighbourhoods),North Lincolnshire,UK,£20m (10 years),Established,"79,000",2,53.5922488,-0.6450841,https://www.northlincs.gov.uk/jobs-business-and-regeneration/scunthorpe-neighbourhood-board/,Phase 1 area.,,,Generated from UK Parliament Phase 1 list.
hawkesley,Hawkesley,Phase 2 (IMD/CNI Selected),Birmingham,England,£20m (10 years),Confirmed (deadline 17 Jul 2026),N/A,N/A,52.395,-1.941,,Phase 2 neighbourhood. Selected via combined IMD and CNI methodology.,,,Phase 2 neighbourhood in Birmingham. 8 neighbourhoods selected in this local authority.
druids_heath,Druids Heath,Phase 2 (IMD/CNI Selected),Birmingham,England,£20m (10 years),Confirmed (deadline 17 Jul 2026),N/A,N/A,52.397,-1.879,,Phase 2 neighbourhood. Selected via combined IMD and CNI methodology.,,,Phase 2 neighbourhood in Birmingham. 8 neighbourhoods selected in this local authority.
glebe_farm,Glebe Farm,Phase 2 (IMD/CNI Selected),Birmingham,England,£20m (10 years),Confirmed (deadline 17 Jul 2026),N/A,N/A,52.49,-1.795,,Phase 2 neighbourhood. Selected via combined IMD and CNI methodology.,,,Phase 2 neighbourhood in Birmingham. 8 neighbourhoods selected in this local authority.
kingstanding_south_east,Kingstanding South East,Phase 2 (IMD/CNI Selected),Birmingham,England,£20m (10 years),Confirmed (deadline 17 Jul 2026),N/A,N/A,52.53,-1.883,,Phase 2 neighbourhood. Selected via combined IMD and CNI methodology.,,,Phase 2 neighbourhood in Birmingham. 8 neighbourhoods selected in this local authority.
woodgate,Woodgate,Phase 2 (IMD/CNI Selected),Birmingham,England,£20m (10 years),Confirmed (deadline 17 Jul 2026),N/A,N/A,52.435,-1.995,,Phase 2 neighbourhood. Selected via combined IMD and CNI methodology.,,,Phase 2 neighbourhood in Birmingham. 8 neighbourhoods selected in this local authority.
sparkbrook_north,Sparkbrook North,Phase 2 (IMD/CNI Selected),Birmingham,England,£20m (10 years),Confirmed (deadline 17 Jul 2026),N/A,N/A,52.462,-1.86,,Phase 2 neighbourhood. Selected via combined IMD and CNI methodology.,,,Phase 2 neighbourhood in Birmingham. 8 neighbourhoods selected in this local authority.
fox_hollies,Fox Hollies,Phase 2 (IMD/CNI Selected),Birmingham,England,£20m (10 years),Confirmed (deadline 17 Jul 2026),N/A,N/A,52.437,-1.824,,Phase 2 neighbourhood. Selected via combined IMD and CNI methodology.,,,Phase 2 neighbourhood in Birmingham. 8 neighbourhoods selected in this local authority.
nechells,Nechells,Phase 2 (IMD/CNI Selected),Birmingham,England,£20m (10 years),Confirmed (deadline 17 Jul 2026),N/A,N/A,52.497,-1.87,,Phase 2 neighbourhood. Selected via combined IMD and CNI methodology.,,,Phase 2 neighbourhood in Birmingham. 8 neighbourhoods selected in this local authority.
speke_east,Speke East,Phase 2 (IMD/CNI Selected),Liverpool,England,£20m (10 years),Confirmed (deadline 17 Jul 2026),N/A,N/A,53.347,-2.838,https://liverpool.gov.uk/council/pride-in-place/neighbourhood-boards/,Phase 2 neighbourhood. Selected via combined IMD and CNI methodology.,,,Phase 2 neighbourhood in Liverpool. 4 neighbourhoods selected in this local authority.
everton_east,Everton East,Phase 2 (IMD/CNI Selected),Liverpool,England,£20m (10 years),Confirmed (deadline 17 Jul 2026),N/A,N/A,53.43,-2.963,https://liverpool.gov.uk/council/pride-in-place/pride-in-place-everton-east/,Phase 2 neighbourhood. Selected via combined IMD and CNI methodology.,,,Phase 2 neighbourhood in Liverpool. 4 neighbourhoods selected in this local authority.
norris_green_east,Norris Green East,Phase 2 (IMD/CNI Selected),Liverpool,England,£20m (10 years),Confirmed (deadline 17 Jul 2026),N/A,N/A,53.452,-2.918,https://liverpool.gov.uk/council/pride-in-place/pride-in-place-norris-green-east/,Phase 2 neighbourhood. Selected via combined IMD and CNI methodology.,,,Phase 2 neighbourhood in Liverpool. 4 neighbourhoods selected in this local authority.
fairfield_west_newsham_park,Fairfield West & Newsham Park,Phase 2 (IMD/CNI Selected),Liverpool,England,£20m (10 years),Confirmed (deadline 17 Jul 2026),N/A,N/A,53.418,-2.946,https://liverpool.gov.uk/council/pride-in-place/pride-in-place-fairfield-west-and-newsham-park/,Phase 2 neighbourhood. Selected via combined IMD and CNI methodology.,,,Phase 2 neighbourhood in Liverpool. 4 neighbourhoods selected in this local authority.
benchill_south_wythenshawe_central,Benchill South & Wythenshawe Central,Phase 2 (IMD/CNI Selected),Manchester,England,£20m (10 years),Confirmed (deadline 17 Jul 2026),N/A,N/A,53.377,-2.264,https://www.manchester.gov.uk/people-and-communities/pride-in-place/about-pride-in-place,Phase 2 neighbourhood. Selected via combined IMD and CNI methodology.,,,Phase 2 neighbourhood in Manchester. 4 neighbourhoods selected in this local authority.
hapurhey_south_monsall,Hapurhey South & Monsall,Phase 2 (IMD/CNI Selected),Manchester,England,£20m (10 years),Confirmed (deadline 17 Jul 2026),N/A,N/A,53.503,-2.213,https://www.manchester.gov.uk/people-and-communities/pride-in-place/about-pride-in-place,Phase 2 neighbourhood. Selected via combined IMD and CNI methodology.,,,Phase 2 neighbourhood in Manchester. 4 neighbourhoods selected in this local authority.
clayton_vale,Clayton Vale,Phase 2 (IMD/CNI Selected),Manchester,England,£20m (10 years),Confirmed (deadline 17 Jul 2026),N/A,N/A,53.487,-2.174,https://www.manchester.gov.uk/people-and-communities/pride-in-place/about-pride-in-place,Phase 2 neighbourhood. Selected via combined IMD and CNI methodology.,,,Phase 2 neighbourhood in Manchester. 4 neighbourhoods selected in this local authority.
gorton_south,Gorton South,Phase 2 (IMD/CNI Selected),Manchester,England,£20m (10 years),Confirmed (deadline 17 Jul 2026),N/A,N/A,53.46,-2.16,https://www.manchester.gov.uk/people-and-communities/pride-in-place/about-pride-in-place,Phase 2 neighbourhood. Selected via combined IMD and CNI methodology.,,,Phase 2 neighbourhood in Manchester. 4 neighbourhoods selected in this local authority.
middleton_park_avenue,Middleton Park Avenue,Phase 2 (IMD/CNI Selected),Leeds,England,£20m (10 years),Confirmed (deadline 17 Jul 2026),N/A,N/A,53.745,-1.545,https://www.leeds.gov.uk/leeds-economy/pride-in-place,Phase 2 neighbourhood. Selected via combined IMD and CNI methodology.,,,Phase 2 neighbourhood in Leeds. 4 neighbourhoods selected in this local authority.
seacroft_north_monkswood,Seacroft North & Monkswood,Phase 2 (IMD/CNI Selected),Leeds,England,£20m (10 years),Confirmed (deadline 17 Jul 2026),N/A,N/A,53.822,-1.46,https://www.leeds.gov.uk/leeds-economy/pride-in-place,Phase 2 neighbourhood. Selected via combined IMD and CNI methodology.,,,Phase 2 neighbourhood in Leeds. 4 neighbourhoods selected in this local authority.
farnley_east,Farnley East,Phase 2 (IMD/CNI Selected),Leeds,England,£20m (10 years),Confirmed (deadline 17 Jul 2026),N/A,N/A,53.787,-1.61,https://www.leeds.gov.uk/leeds-economy/pride-in-place,Phase 2 neighbourhood. Selected via combined IMD and CNI methodology.,,,Phase 2 neighbourhood in Leeds. 4 neighbourhoods selected in this local authority.
armley_new_wortley,Armley & New Wortley,Phase 2 (IMD/CNI Selected),Leeds,England,£20m (10 years),Confirmed (deadline 17 Jul 2026),N/A,N/A,53.797,-1.578,https://www.leeds.gov.uk/leeds-economy/pride-in-place,Phase 2 neighbourhood. Selected via combined IMD and CNI methodology.,,,Phase 2 neighbourhood in Leeds. 4 neighbourhoods selected in this local authority.
orchard_park,Orchard Park,Phase 2 (IMD/CNI Selected),"Kingston upon Hull, City of",England,£20m (10 years),Confirmed (deadline 17 Jul 2026),N/A,N/A,53.782,-0.37,https://www.hull.gov.uk/regeneration-1/pride-place-programme,Phase 2 neighbourhood. Selected via combined IMD and CNI methodology.,,,"Phase 2 neighbourhood in Kingston upon Hull, City of. 3 neighbourhoods selected in this local authority."
greatfield,Greatfield,Phase 2 (IMD/CNI Selected),"Kingston upon Hull, City of",England,£20m (10 years),Confirmed (deadline 17 Jul 2026),N/A,N/A,53.755,-0.29,https://www.hull.gov.uk/regeneration-1/pride-place-programme,Phase 2 neighbourhood. Selected via combined IMD and CNI methodology.,,,"Phase 2 neighbourhood in Kingston upon Hull, City of. 3 neighbourhoods selected in this local authority."
boulevard_st_andrews_quay,Boulevard & St Andrew's Quay,Phase 2 (IMD/CNI Selected),"Kingston upon Hull, City of",England,£20m (10 years),Confirmed (deadline 17 Jul 2026),N/A,N/A,53.735,-0.36,https://www.hull.gov.uk/regeneration-1/pride-place-programme,Phase 2 neighbourhood. Selected via combined IMD and CNI methodology.,,,"Phase 2 neighbourhood in Kingston upon Hull, City of. 3 neighbourhoods selected in this local authority."
birkenhead_central,Birkenhead Central,Phase 2 (IMD/CNI Selected),Wirral,England,£20m (10 years),Confirmed (deadline 17 Jul 2026),N/A,N/A,53.389,-3.023,https://www.wirral.gov.uk/community-and-neighbourhoods/pride-place,Phase 2 neighbourhood. Selected via combined IMD and CNI methodology.,,,Phase 2 neighbourhood in Wirral. 3 neighbourhoods selected in this local authority.
seacombe,Seacombe,Phase 2 (IMD/CNI Selected),Wirral,England,£20m (10 years),Confirmed (deadline 17 Jul 2026),N/A,N/A,53.41,-3.03,https://www.wirral.gov.uk/community-and-neighbourhoods/pride-place,Phase 2 neighbourhood. Selected via combined IMD and CNI methodology.,,,Phase 2 neighbourhood in Wirral. 3 neighbourhoods selected in this local authority.
woodchurch,Woodchurch,Phase 2 (IMD/CNI Selected),Wirral,England,£20m (10 years),Confirmed (deadline 17 Jul 2026),N/A,N/A,53.372,-3.077,https://www.wirral.gov.uk/community-and-neighbourhoods/pride-place,Phase 2 neighbourhood. Selected via combined IMD and CNI methodology.,,,Phase 2 neighbourhood in Wirral. 3 neighbourhoods selected in this local authority.
peterlee_east,Peterlee East,Phase 2 (IMD/CNI Selected),County Durham,England,£20m (10 years),Confirmed (deadline 17 Jul 2026),N/A,N/A,54.76,-1.33,https://www.durham.gov.uk/article/34660/Peterlee-East-Pride-in-Place-Programme,Phase 2 neighbourhood. Selected via combined IMD and CNI methodology.,,,Phase 2 neighbourhood in County Durham. 3 neighbourhoods selected in this local authority.
stanley_south,Stanley South,Phase 2 (IMD/CNI Selected),County Durham,England,£20m (10 years),Confirmed (deadline 17 Jul 2026),N/A,N/A,54.865,-1.7,https://www.durham.gov.uk/article/34659/Stanley-South-Pride-in-Place-Programme,Phase 2 neighbourhood. Selected via combined IMD and CNI methodology.,,,Phase 2 neighbourhood in County Durham. 3 neighbourhoods selected in this local authority.
crook_north_tow_law,Crook North & Tow Law,Phase 2 (IMD/CNI Selected),County Durham,England,£20m (10 years),Confirmed (deadline 17 Jul 2026),N/A,N/A,54.72,-1.77,https://www.durham.gov.uk/article/34657/Crook-North-Tow-Law-Pride-in-Place-Programme,Phase 2 neighbourhood. Selected via combined IMD and CNI methodology.,,,Phase 2 neighbourhood in County Durham. 3 neighbourhoods selected in this local authority.
eyres_monsell,Eyres Monsell,Phase 2 (IMD/CNI Selected),Leicester,England,£20m (10 years),Confirmed (deadline 17 Jul 2026),N/A,N/A,52.596,-1.15,https://www.leicester.gov.uk/culture-and-sport/pride-place,Phase 2 neighbourhood. Selected via combined IMD and CNI methodology.,,,Phase 2 neighbourhood in Leicester. 3 neighbourhoods selected in this local authority.
braunstone_park_west,Braunstone Park West,Phase 2 (IMD/CNI Selected),Leicester,England,£20m (10 years),Confirmed (deadline 17 Jul 2026),N/A,N/A,52.62,-1.175,https://www.leicester.gov.uk/culture-and-sport/pride-place,Phase 2 neighbourhood. Selected via combined IMD and CNI methodology.,,,Phase 2 neighbourhood in Leicester. 3 neighbourhoods selected in this local authority.
thurnby_lodge,Thurnby Lodge,Phase 2 (IMD/CNI Selected),Leicester,England,£20m (10 years),Confirmed (deadline 17 Jul 2026),N/A,N/A,52.63,-1.06,https://www.leicester.gov.uk/culture-and-sport/pride-place,Phase 2 neighbourhood. Selected via combined IMD and CNI methodology.,,,Phase 2 neighbourhood in Leicester. 3 neighbourhoods selected in this local authority.
corby_kingswood,Corby Kingswood,Phase 2 (IMD/CNI Selected),North Northamptonshire,England,£20m (10 years),Confirmed (deadline 17 Jul 2026),N/A,N/A,52.495,-0.72,https://www.northnorthants.gov.uk/communities/pride-place-programme,Phase 2 neighbourhood. Selected via combined IMD and CNI methodology.,,,Phase 2 neighbourhood in North Northamptonshire. 3 neighbourhoods selected in this local authority.
queensway_north_northamptonshire,Queensway (North Northamptonshire),Phase 2 (IMD/CNI Selected),North Northamptonshire,England,£20m (10 years),Confirmed (deadline 17 Jul 2026),N/A,N/A,52.31,-0.7,https://www.northnorthants.gov.uk/communities/pride-place-programme,Phase 2 neighbourhood. Selected via combined IMD and CNI methodology.,,,Phase 2 neighbourhood in North Northamptonshire. 3 neighbourhoods selected in this local authority.
kettering_avondale_grange,Kettering Avondale Grange,Phase 2 (IMD/CNI Selected),North Northamptonshire,England,£20m (10 years),Confirmed (deadline 17 Jul 2026),N/A,N/A,52.405,-0.735,https://www.northnorthants.gov.uk/communities/pride-place-programme,Phase 2 neighbourhood. Selected via combined IMD and CNI methodology.,,,Phase 2 neighbourhood in North Northamptonshire. 3 neighbourhoods selected in this local authority.
raffles_morton,Raffles & Morton,Phase 2 (IMD/CNI Selected),Cumberland,England,£20m (10 years),Confirmed (deadline 17 Jul 2026),N/A,N/A,54.885,-2.96,https://www.cumberland.gov.uk/your-community/pride-place-programme,Phase 2 neighbourhood. Selected via combined IMD and CNI methodology.,,,Phase 2 neighbourhood in Cumberland. 3 neighbourhoods selected in this local authority.
flimby_ellenborough_broughton_moor,"Flimby, Ellenborough & Broughton Moor",Phase 2 (IMD/CNI Selected),Cumberland,England,£20m (10 years),Confirmed (deadline 17 Jul 2026),N/A,N/A,54.7,-3.47,https://www.cumberland.gov.uk/your-community/pride-place-programme,Phase 2 neighbourhood. Selected via combined IMD and CNI methodology.,,,Phase 2 neighbourhood in Cumberland. 3 neighbourhoods selected in this local authority.
mirehouse_kells_woodhouse,"Mirehouse, Kells & Woodhouse",Phase 2 (IMD/CNI Selected),Cumberland,England,£20m (10 years),Confirmed (deadline 17 Jul 2026),N/A,N/A,54.53,-3.585,https://www.cumberland.gov.uk/your-community/pride-place-programme,Phase 2 neighbourhood. Selected via combined IMD and CNI methodology.,,,Phase 2 neighbourhood in Cumberland. 3 neighbourhoods selected in this local authority.
conisbrough_north,Conisbrough North,Phase 2 (IMD/CNI Selected),Doncaster,England,£20m (10 years),Confirmed (deadline 17 Jul 2026),N/A,N/A,53.485,-1.23,https://www.teamdoncaster.org.uk/pride-in-place,Phase 2 neighbourhood. Selected via combined IMD and CNI methodology.,,,Phase 2 neighbourhood in Doncaster. 3 neighbourhoods selected in this local authority.
new_rossington,New Rossington,Phase 2 (IMD/CNI Selected),Doncaster,England,£20m (10 years),Confirmed (deadline 17 Jul 2026),N/A,N/A,53.475,-1.06,https://www.teamdoncaster.org.uk/pride-in-place,Phase 2 neighbourhood. Selected via combined IMD and CNI methodology.,,,Phase 2 neighbourhood in Doncaster. 3 neighbourhoods selected in this local authority.
mexborough_west,Mexborough West,Phase 2 (IMD/CNI Selected),Doncaster,England,£20m (10 years),Confirmed (deadline 17 Jul 2026),N/A,N/A,53.495,-1.3,https://www.teamdoncaster.org.uk/pride-in-place,Phase 2 neighbourhood. Selected via combined IMD and CNI methodology.,,,Phase 2 neighbourhood in Doncaster. 3 neighbourhoods selected in this local authority.
bentilee_ubberley,Bentilee & Ubberley,Phase 2 (IMD/CNI Selected),Stoke-on-Trent,England,£20m (10 years),Confirmed (deadline 17 Jul 2026),N/A,N/A,53.005,-2.13,https://www.stoke.gov.uk/homepage/210/pride_in_place_programme,Phase 2 neighbourhood. Selected via combined IMD and CNI methodology.,,,Phase 2 neighbourhood in Stoke-on-Trent. 2 neighbourhoods selected in this local authority.
meir_north,Meir North,Phase 2 (IMD/CNI Selected),Stoke-on-Trent,England,£20m (10 years),Confirmed (deadline 17 Jul 2026),N/A,N/A,52.98,-2.1,https://www.stoke.gov.uk/homepage/210/pride_in_place_programme,Phase 2 neighbourhood. Selected via combined IMD and CNI methodology.,,,Phase 2 neighbourhood in Stoke-on-Trent. 2 neighbourhoods selected in this local authority.
thorntree,Thorntree,Phase 2 (IMD/CNI Selected),Middlesbrough,England,£20m (10 years),Confirmed (deadline 17 Jul 2026),N/A,N/A,54.56,-1.19,https://www.middlesbrough.gov.uk/about-middlesbrough/improving-middlesbrough/pride-in-place/,Phase 2 neighbourhood. Selected via combined IMD and CNI methodology.,,,Phase 2 neighbourhood in Middlesbrough. 2 neighbourhoods selected in this local authority.
park_end,Park End,Phase 2 (IMD/CNI Selected),Middlesbrough,England,£20m (10 years),Confirmed (deadline 17 Jul 2026),N/A,N/A,54.545,-1.2,https://www.middlesbrough.gov.uk/about-middlesbrough/improving-middlesbrough/pride-in-place/,Phase 2 neighbourhood. Selected via combined IMD and CNI methodology.,,,Phase 2 neighbourhood in Middlesbrough. 2 neighbourhoods selected in this local authority.
batemoor_jordanthorpe,Batemoor & Jordanthorpe,Phase 2 (IMD/CNI Selected),Sheffield,England,£20m (10 years),Confirmed (deadline 17 Jul 2026),N/A,N/A,53.31,-1.47,https://haveyoursay.sheffield.gov.uk/pride-in-place-south,Phase 2 neighbourhood. Selected via combined IMD and CNI methodology.,,,Phase 2 neighbourhood in Sheffield. 2 neighbourhoods selected in this local authority.
parson_cross,Parson Cross,Phase 2 (IMD/CNI Selected),Sheffield,England,£20m (10 years),Confirmed (deadline 17 Jul 2026),N/A,N/A,53.43,-1.48,https://local-area-committees.sheffield.gov.uk/pride-place,Phase 2 neighbourhood. Selected via combined IMD and CNI methodology.,,,Phase 2 neighbourhood in Sheffield. 2 neighbourhoods selected in this local authority.
holme_wood,Holme Wood,Phase 2 (IMD/CNI Selected),Bradford,England,£20m (10 years),Confirmed (deadline 17 Jul 2026),N/A,N/A,53.775,-1.71,,Phase 2 neighbourhood. Selected via combined IMD and CNI methodology.,,,Phase 2 neighbourhood in Bradford. 2 neighbourhoods selected in this local authority.
ravenscliffe,Ravenscliffe,Phase 2 (IMD/CNI Selected),Bradford,England,£20m (10 years),Confirmed (deadline 17 Jul 2026),N/A,N/A,53.82,-1.71,,Phase 2 neighbourhood. Selected via combined IMD and CNI methodology.,,,Phase 2 neighbourhood in Bradford. 2 neighbourhoods selected in this local authority.
laithwaite_marsh_green,Laithwaite & Marsh Green,Phase 2 (IMD/CNI Selected),Wigan,England,£20m (10 years),Confirmed (deadline 17 Jul 2026),N/A,N/A,53.56,-2.66,https://www.wigan.gov.uk/Council/Projects/Marsh-Green-and-Laithwaite-Board.aspx,Phase 2 neighbourhood. Selected via combined IMD and CNI methodology.,,,Phase 2 neighbourhood in Wigan. 2 neighbourhoods selected in this local authority.
platt_bridge_spring_view,Platt Bridge & Spring View,Phase 2 (IMD/CNI Selected),Wigan,England,£20m (10 years),Confirmed (deadline 17 Jul 2026),N/A,N/A,53.52,-2.61,https://www.wigan.gov.uk/Council/Projects/Platt-Bridge-and-Spring-View-Board.aspx,Phase 2 neighbourhood. Selected via combined IMD and CNI methodology.,,,Phase 2 neighbourhood in Wigan. 2 neighbourhoods selected in this local authority.
penhill,Penhill,Phase 2 (IMD/CNI Selected),Swindon,England,£20m (10 years),Confirmed (deadline 17 Jul 2026),N/A,N/A,51.595,-1.77,https://www.swindon.gov.uk/info/20029/people_and_communities/1806/pride_in_place_in_swindon,Phase 2 neighbourhood. Selected via combined IMD and CNI methodology.,,,Phase 2 neighbourhood in Swindon. 2 neighbourhoods selected in this local authority.
walcot_east,Walcot East,Phase 2 (IMD/CNI Selected),Swindon,England,£20m (10 years),Confirmed (deadline 17 Jul 2026),N/A,N/A,51.56,-1.76,https://www.swindon.gov.uk/info/20029/people_and_communities/1806/pride_in_place_in_swindon,Phase 2 neighbourhood. Selected via combined IMD and CNI methodology.,,,Phase 2 neighbourhood in Swindon. 2 neighbourhoods selected in this local authority.
walker_north,Walker North,Phase 2 (IMD/CNI Selected),Newcastle upon Tyne,England,£20m (10 years),Confirmed (deadline 17 Jul 2026),N/A,N/A,54.975,-1.55,https://new.newcastle.gov.uk/communities/grants-funding/funding-voluntary-and-community-organisations/pride-place-programme,Phase 2 neighbourhood. Selected via combined IMD and CNI methodology.,,,Phase 2 neighbourhood in Newcastle upon Tyne. 2 neighbourhoods selected in this local authority.
elswick_south,Elswick South,Phase 2 (IMD/CNI Selected),Newcastle upon Tyne,England,£20m (10 years),Confirmed (deadline 17 Jul 2026),N/A,N/A,54.965,-1.65,https://new.newcastle.gov.uk/communities/grants-funding/funding-voluntary-and-community-organisations/pride-place-programme,Phase 2 neighbourhood. Selected via combined IMD and CNI methodology.,,,Phase 2 neighbourhood in Newcastle upon Tyne. 2 neighbourhoods selected in this local authority.
pendleton,Pendleton,Phase 2 (IMD/CNI Selected),Salford,England,£20m (10 years),Confirmed (deadline 17 Jul 2026),N/A,N/A,53.49,-2.28,https://www.salfordcvs.co.uk/PiPPendleton,Phase 2 neighbourhood. Selected via combined IMD and CNI methodology.,,,Phase 2 neighbourhood in Salford. 2 neighbourhoods selected in this local authority.
peel_green,Peel Green,Phase 2 (IMD/CNI Selected),Salford,England,£20m (10 years),Confirmed (deadline 17 Jul 2026),N/A,N/A,53.48,-2.38,https://www.salfordcvs.co.uk/PiPBrookhousePeelGreen,Phase 2 neighbourhood. Selected via combined IMD and CNI methodology.,,,Phase 2 neighbourhood in Salford. 2 neighbourhoods selected in this local authority.
broxtowe_cinderhill,Broxtowe & Cinderhill,Phase 2 (IMD/CNI Selected),Nottingham,England,£20m (10 years),Confirmed (deadline 17 Jul 2026),N/A,N/A,52.98,-1.21,,Phase 2 neighbourhood. Selected via combined IMD and CNI methodology.,,,Phase 2 neighbourhood in Nottingham. 2 neighbourhoods selected in this local authority.
st_anns_east,St Ann's East,Phase 2 (IMD/CNI Selected),Nottingham,England,£20m (10 years),Confirmed (deadline 17 Jul 2026),N/A,N/A,52.96,-1.13,,Phase 2 neighbourhood. Selected via combined IMD and CNI methodology.,,,Phase 2 neighbourhood in Nottingham. 2 neighbourhoods selected in this local authority.
paulsgrove_east,Paulsgrove East,Phase 2 (IMD/CNI Selected),Portsmouth,England,£20m (10 years),Confirmed (deadline 17 Jul 2026),N/A,N/A,50.855,-1.07,https://www.portsmouth.gov.uk/services/improving-our-city/pride-in-place-programme/,Phase 2 neighbourhood. Selected via combined IMD and CNI methodology.,,,Phase 2 neighbourhood in Portsmouth. 2 neighbourhoods selected in this local authority.
fratton_west,Fratton West,Phase 2 (IMD/CNI Selected),Portsmouth,England,£20m (10 years),Confirmed (deadline 17 Jul 2026),N/A,N/A,50.795,-1.08,https://www.portsmouth.gov.uk/services/improving-our-city/pride-in-place-programme/,Phase 2 neighbourhood. Selected via combined IMD and CNI methodology.,,,Phase 2 neighbourhood in Portsmouth. 2 neighbourhoods selected in this local authority.
lupset,Lupset,Phase 2 (IMD/CNI Selected),Wakefield,England,£20m (10 years),Confirmed (deadline 17 Jul 2026),N/A,N/A,53.675,-1.53,https://www.wakefield.gov.uk/regeneration/pride-in-place/pride-in-place-lupset,Phase 2 neighbourhood. Selected via combined IMD and CNI methodology.,,,Phase 2 neighbourhood in Wakefield. 2 neighbourhoods selected in this local authority.
featherstone,Featherstone,Phase 2 (IMD/CNI Selected),Wakefield,England,£20m (10 years),Confirmed (deadline 17 Jul 2026),N/A,N/A,53.68,-1.36,https://www.wakefield.gov.uk/regeneration/pride-in-place/pride-in-place-featherstone,Phase 2 neighbourhood. Selected via combined IMD and CNI methodology.,,,Phase 2 neighbourhood in Wakefield. 2 neighbourhoods selected in this local authority.
devonport_mount_wise_morice_town,"Devonport, Mount Wise & Morice Town",Phase 2 (IMD/CNI Selected),Plymouth,England,£20m (10 years),Confirmed (deadline 17 Jul 2026),N/A,N/A,50.372,-4.17,https://www.plymouth.gov.uk/pride-place-programme,Phase 2 neighbourhood. Selected via combined IMD and CNI methodology.,,,Phase 2 neighbourhood in Plymouth. 2 neighbourhoods selected in this local authority.
st_budeaux,St Budeaux,Phase 2 (IMD/CNI Selected),Plymouth,England,£20m (10 years),Confirmed (deadline 17 Jul 2026),N/A,N/A,50.403,-4.185,https://www.plymouth.gov.uk/pride-place-programme,Phase 2 neighbourhood. Selected via combined IMD and CNI methodology.,,,Phase 2 neighbourhood in Plymouth. 2 neighbourhoods selected in this local authority.
leigh_park,Leigh Park,Phase 2 (IMD/CNI Selected),Havant,England,£20m (10 years),Confirmed (deadline 17 Jul 2026),N/A,N/A,50.87,-0.99,https://www.havant.gov.uk/pride-place-programme,Phase 2 neighbourhood. Selected via combined IMD and CNI methodology.,,,Phase 2 neighbourhood in Havant. 2 neighbourhoods selected in this local authority.
cowplain_west,Cowplain West,Phase 2 (IMD/CNI Selected),Havant,England,£20m (10 years),Confirmed (deadline 17 Jul 2026),N/A,N/A,50.885,-1.02,https://www.havant.gov.uk/pride-place-programme,Phase 2 neighbourhood. Selected via combined IMD and CNI methodology.,,,Phase 2 neighbourhood in Havant. 2 neighbourhoods selected in this local authority.
orton_malborne_goldhay,Orton Malborne & Goldhay,Phase 2 (IMD/CNI Selected),Peterborough,England,£20m (10 years),Confirmed (deadline 17 Jul 2026),N/A,N/A,52.55,-0.27,https://www.peterborough.gov.uk/council/planning-and-development/regeneration/peterborough-pride-in-place-programme/orton-malborne-and-orton-goldhay,Phase 2 neighbourhood. Selected via combined IMD and CNI methodology.,,,Phase 2 neighbourhood in Peterborough. 2 neighbourhoods selected in this local authority.
paston,Paston,Phase 2 (IMD/CNI Selected),Peterborough,England,£20m (10 years),Confirmed (deadline 17 Jul 2026),N/A,N/A,52.615,-0.26,https://www.peterborough.gov.uk/council/planning-and-development/regeneration/peterborough-pride-in-place-programme/paston-gunthorpe-and-welland,Phase 2 neighbourhood. Selected via combined IMD and CNI methodology.,,,Phase 2 neighbourhood in Peterborough. 2 neighbourhoods selected in this local authority.
lowestoft_central,Lowestoft Central,Phase 2 (IMD/CNI Selected),East Suffolk,England,£20m (10 years),Confirmed (deadline 17 Jul 2026),N/A,N/A,52.475,1.75,https://www.eastsuffolk.gov.uk/community-initiatives/pride-in-place/lowestoft-central,Phase 2 neighbourhood. Selected via combined IMD and CNI methodology.,,,Phase 2 neighbourhood in East Suffolk. 2 neighbourhoods selected in this local authority.
felixstowe_west,Felixstowe West,Phase 2 (IMD/CNI Selected),East Suffolk,England,£20m (10 years),Confirmed (deadline 17 Jul 2026),N/A,N/A,51.96,1.33,https://www.eastsuffolk.gov.uk/community-initiatives/pride-in-place/felixstowe-west,Phase 2 neighbourhood. Selected via combined IMD and CNI methodology.,,,Phase 2 neighbourhood in East Suffolk. 2 neighbourhoods selected in this local authority.
bridlington_west,Bridlington West,Phase 2 (IMD/CNI Selected),East Riding of Yorkshire,England,£20m (10 years),Confirmed (deadline 17 Jul 2026),N/A,N/A,54.085,-0.2,https://www.eastriding.gov.uk/council/grants-and-funding/pride-in-place/,Phase 2 neighbourhood. Selected via combined IMD and CNI methodology.,,,Phase 2 neighbourhood in East Riding of Yorkshire. 2 neighbourhoods selected in this local authority.
withernsea_east_patrington,Withernsea East & Patrington,Phase 2 (IMD/CNI Selected),East Riding of Yorkshire,England,£20m (10 years),Confirmed (deadline 17 Jul 2026),N/A,N/A,53.73,0.03,https://www.eastriding.gov.uk/council/grants-and-funding/pride-in-place/,Phase 2 neighbourhood. Selected via combined IMD and CNI methodology.,,,Phase 2 neighbourhood in East Riding of Yorkshire. 2 neighbourhoods selected in this local authority.
weston_southampton,Weston (Southampton),Phase 2 (IMD/CNI Selected),Southampton,England,£20m (10 years),Confirmed (deadline 17 Jul 2026),N/A,N/A,50.885,-1.365,https://www.southampton.gov.uk/communities/supporting-communities-and-groups/pride-in-place-programme/,Phase 2 neighbourhood. Selected via combined IMD and CNI methodology.,,,Phase 2 neighbourhood in Southampton. 2 neighbourhoods selected in this local authority.
redbridge_millbrook_west,Redbridge & Millbrook West,Phase 2 (IMD/CNI Selected),Southampton,England,£20m (10 years),Confirmed (deadline 17 Jul 2026),N/A,N/A,50.91,-1.46,https://www.southampton.gov.uk/communities/supporting-communities-and-groups/pride-in-place-programme/,Phase 2 neighbourhood. Selected via combined IMD and CNI methodology.,,,Phase 2 neighbourhood in Southampton. 2 neighbourhoods selected in this local authority.
chalvedon,Chalvedon,Phase 2 (IMD/CNI Selected),Basildon,England,£20m (10 years),Confirmed (deadline 17 Jul 2026),N/A,N/A,51.57,0.5,https://www.basildon.gov.uk/article/11163/Pride-in-Place,Phase 2 neighbourhood. Selected via combined IMD and CNI methodology.,,,Phase 2 neighbourhood in Basildon. 2 neighbourhoods selected in this local authority.
laindon_central,Laindon Central,Phase 2 (IMD/CNI Selected),Basildon,England,£20m (10 years),Confirmed (deadline 17 Jul 2026),N/A,N/A,51.575,0.42,https://www.basildon.gov.uk/article/11163/Pride-in-Place,Phase 2 neighbourhood. Selected via combined IMD and CNI methodology.,,,Phase 2 neighbourhood in Basildon. 2 neighbourhoods selected in this local authority.
thorney_close_plains_farm,Thorney Close & Plains Farm,Phase 2 (IMD/CNI Selected),Sunderland,England,£20m (10 years),Confirmed (deadline 17 Jul 2026),N/A,N/A,54.88,-1.42,https://www.sunderland.gov.uk/article/39055/Thorney-Close-Plains-Farm-and-Springwell-Pride-in-Place-Programme,Phase 2 neighbourhood. Selected via combined IMD and CNI methodology.,,,Phase 2 neighbourhood in Sunderland. 2 neighbourhoods selected in this local authority.
hendon_docks,Hendon & Docks,Phase 2 (IMD/CNI Selected),Sunderland,England,£20m (10 years),Confirmed (deadline 17 Jul 2026),N/A,N/A,54.9,-1.365,https://www.sunderland.gov.uk/article/39053/Hendon-Docks-and-East-End-Pride-in-Place-Programme,Phase 2 neighbourhood. Selected via combined IMD and CNI methodology.,,,Phase 2 neighbourhood in Sunderland. 2 neighbourhoods selected in this local authority.
blacon_south,Blacon South,Phase 2 (IMD/CNI Selected),Cheshire West and Chester,England,£20m (10 years),Confirmed (deadline 17 Jul 2026),N/A,N/A,53.2,-2.93,https://www.cheshirewestandchester.gov.uk/residents/regeneration-of-west-cheshire/chester-regeneration/pride-in-place-proud-of-blacon,Phase 2 neighbourhood. Selected via combined IMD and CNI methodology.,,,Phase 2 neighbourhood in Cheshire West and Chester. 2 neighbourhoods selected in this local authority.
ellesmere_port_town_rossmore,Ellesmere Port Town & Rossmore,Phase 2 (IMD/CNI Selected),Cheshire West and Chester,England,£20m (10 years),Confirmed (deadline 17 Jul 2026),N/A,N/A,53.28,-2.9,https://www.cheshirewestandchester.gov.uk/residents/regeneration-of-west-cheshire/ellesmere-port-regeneration/pride-in-ellesmere-port,Phase 2 neighbourhood. Selected via combined IMD and CNI methodology.,,,Phase 2 neighbourhood in Cheshire West and Chester. 2 neighbourhoods selected in this local authority.
bowthorpe_west_earlham,Bowthorpe & West Earlham,Phase 2 (IMD/CNI Selected),Norwich,England,£20m (10 years),Confirmed (deadline 17 Jul 2026),N/A,N/A,52.63,1.23,https://www.norwich.gov.uk/prideinplace,Phase 2 neighbourhood. Selected via combined IMD and CNI methodology.,,,Phase 2 neighbourhood in Norwich. 2 neighbourhoods selected in this local authority.
heartsease_pilling_park,Heartsease & Pilling Park,Phase 2 (IMD/CNI Selected),Norwich,England,£20m (10 years),Confirmed (deadline 17 Jul 2026),N/A,N/A,52.635,1.33,https://gettalking.norwich.gov.uk/heartseaseandpillingpark,Phase 2 neighbourhood. Selected via combined IMD and CNI methodology.,,,Phase 2 neighbourhood in Norwich. 2 neighbourhoods selected in this local authority.
little_layton_little_carleton,Little Layton & Little Carleton,Phase 2 (IMD/CNI Selected),Blackpool,England,£20m (10 years),Confirmed (deadline 17 Jul 2026),N/A,N/A,53.835,-3.03,,Phase 2 neighbourhood. Selected via combined IMD and CNI methodology.,,,Phase 2 neighbourhood in Blackpool. 1 neighbourhood selected in this local authority.
brinnington,Brinnington,Phase 2 (IMD/CNI Selected),Stockport,England,£20m (10 years),Confirmed (deadline 17 Jul 2026),N/A,N/A,53.43,-2.13,https://www.stockport.gov.uk/pride-in-place-brinnington,Phase 2 neighbourhood. Selected via combined IMD and CNI methodology.,,,Phase 2 neighbourhood in Stockport. 1 neighbourhood selected in this local authority.
hattersley,Hattersley,Phase 2 (IMD/CNI Selected),Tameside,England,£20m (10 years),Confirmed (deadline 17 Jul 2026),N/A,N/A,53.44,-2.04,https://www.tameside.gov.uk/hattersleyprideinplace,Phase 2 neighbourhood. Selected via combined IMD and CNI methodology.,,,Phase 2 neighbourhood in Tameside. 1 neighbourhood selected in this local authority.
hartcliffe,Hartcliffe,Phase 2 (IMD/CNI Selected),"Bristol, City of",England,£20m (10 years),Confirmed (deadline 17 Jul 2026),N/A,N/A,51.41,-2.6,https://www.bristol.gov.uk/residents/people-and-communities/pride-in-place,Phase 2 neighbourhood. Selected via combined IMD and CNI methodology.,,,"Phase 2 neighbourhood in Bristol, City of. 1 neighbourhood selected in this local authority."
warndon_west,Warndon West,Phase 2 (IMD/CNI Selected),Worcester,England,£20m (10 years),Confirmed (deadline 17 Jul 2026),N/A,N/A,52.205,-2.19,https://www.worcester.gov.uk/pride-in-place-warndon,Phase 2 neighbourhood. Selected via combined IMD and CNI methodology.,,,Phase 2 neighbourhood in Worcester. 1 neighbourhood selected in this local authority.
page_moss_fincham,Page Moss & Fincham,Phase 2 (IMD/CNI Selected),Knowsley,England,£20m (10 years),Confirmed (deadline 17 Jul 2026),N/A,N/A,53.42,-2.87,,Phase 2 neighbourhood. Selected via combined IMD and CNI methodology.,,,Phase 2 neighbourhood in Knowsley. 1 neighbourhood selected in this local authority.
parkwood_senacre,Parkwood & Senacre,Phase 2 (IMD/CNI Selected),Maidstone,England,£20m (10 years),Confirmed (deadline 17 Jul 2026),N/A,N/A,51.25,0.55,,Phase 2 neighbourhood. Selected via combined IMD and CNI methodology.,,,Phase 2 neighbourhood in Maidstone. 1 neighbourhood selected in this local authority.
bootle_south,Bootle South,Phase 2 (IMD/CNI Selected),Sefton,England,£20m (10 years),Confirmed (deadline 17 Jul 2026),N/A,N/A,53.44,-3,,Phase 2 neighbourhood. Selected via combined IMD and CNI methodology.,,,Phase 2 neighbourhood in Sefton. 1 neighbourhood selected in this local authority.
birchwood_west,Birchwood West,Phase 2 (IMD/CNI Selected),Lincoln,England,£20m (10 years),Confirmed (deadline 17 Jul 2026),N/A,N/A,53.21,-0.59,https://www.lincoln.gov.uk/government-levelling-funding-2/pride-place-programme,Phase 2 neighbourhood. Selected via combined IMD and CNI methodology.,,,Phase 2 neighbourhood in Lincoln. 1 neighbourhood selected in this local authority.
hough_green,Hough Green,Phase 2 (IMD/CNI Selected),Halton,England,£20m (10 years),Confirmed (deadline 17 Jul 2026),N/A,N/A,53.375,-2.77,,Phase 2 neighbourhood. Selected via combined IMD and CNI methodology.,,,Phase 2 neighbourhood in Halton. 1 neighbourhood selected in this local authority.
central_stockton_portrack,Central Stockton & Portrack,Phase 2 (IMD/CNI Selected),Stockton-on-Tees,England,£20m (10 years),Confirmed (deadline 17 Jul 2026),N/A,N/A,54.57,-1.3,https://www.stockton.gov.uk/article/20360/Pride-in-Place,Phase 2 neighbourhood. Selected via combined IMD and CNI methodology.,,,Phase 2 neighbourhood in Stockton-on-Tees. 1 neighbourhood selected in this local authority.
barrow_central,Barrow Central,Phase 2 (IMD/CNI Selected),Westmorland and Furness,England,£20m (10 years),Confirmed (deadline 17 Jul 2026),N/A,N/A,54.11,-3.23,,Phase 2 neighbourhood. Selected via combined IMD and CNI methodology.,,,Phase 2 neighbourhood in Westmorland and Furness. 1 neighbourhood selected in this local authority.
willenhall,Willenhall,Phase 2 (IMD/CNI Selected),Coventry,England,£20m (10 years),Confirmed (deadline 17 Jul 2026),N/A,N/A,52.385,-1.46,https://www.coventry.gov.uk/willenhallchair,Phase 2 neighbourhood. Selected via combined IMD and CNI methodology.,,,Phase 2 neighbourhood in Coventry. 1 neighbourhood selected in this local authority.
cotmanhay,Cotmanhay,Phase 2 (IMD/CNI Selected),Erewash,England,£20m (10 years),Confirmed (deadline 17 Jul 2026),N/A,N/A,52.99,-1.31,https://www.erewash.gov.uk/community-support/cotmanhay-pride-place,Phase 2 neighbourhood. Selected via combined IMD and CNI methodology.,,,Phase 2 neighbourhood in Erewash. 1 neighbourhood selected in this local authority.
sheppey_east,Sheppey East,Phase 2 (IMD/CNI Selected),Swale,England,£20m (10 years),Confirmed (deadline 17 Jul 2026),N/A,N/A,51.4,0.85,,Phase 2 neighbourhood. Selected via combined IMD and CNI methodology.,,,Phase 2 neighbourhood in Swale. 1 neighbourhood selected in this local authority.
mablethorpe,Mablethorpe,Phase 2 (IMD/CNI Selected),East Lindsey,England,£20m (10 years),Confirmed (deadline 17 Jul 2026),N/A,N/A,53.34,0.26,,Phase 2 neighbourhood. Selected via combined IMD and CNI methodology.,,,Phase 2 neighbourhood in East Lindsey. 1 neighbourhood selected in this local authority.
friar_park,Friar Park,Phase 2 (IMD/CNI Selected),Sandwell,England,£20m (10 years),Confirmed (deadline 17 Jul 2026),N/A,N/A,52.56,-2,https://regeneratingsandwell.co.uk/about-1/funding-programmes/7,Phase 2 neighbourhood. Selected via combined IMD and CNI methodology.,,,Phase 2 neighbourhood in Sandwell. 1 neighbourhood selected in this local authority.
hurstead_smallbridge,Hurstead & Smallbridge,Phase 2 (IMD/CNI Selected),Rochdale,England,£20m (10 years),Confirmed (deadline 17 Jul 2026),N/A,N/A,53.63,-2.12,,Phase 2 neighbourhood. Selected via combined IMD and CNI methodology.,,,Phase 2 neighbourhood in Rochdale. 1 neighbourhood selected in this local authority.
harold_hill_east,Harold Hill East,Phase 2 (IMD/CNI Selected),Havering,England,£20m (10 years),Confirmed (deadline 17 Jul 2026),N/A,N/A,51.61,0.23,https://www.havering.gov.uk/community-1/pride-place-harold-hill-east,Phase 2 neighbourhood. Selected via combined IMD and CNI methodology.,,,Phase 2 neighbourhood in Havering. 1 neighbourhood selected in this local authority.
woodside,Woodside,Phase 2 (IMD/CNI Selected),Telford and Wrekin,England,£20m (10 years),Confirmed (deadline 17 Jul 2026),N/A,N/A,52.63,-2.45,https://www.telford.gov.uk/environment/pride-in-place/,Phase 2 neighbourhood. Selected via combined IMD and CNI methodology.,,,Phase 2 neighbourhood in Telford and Wrekin. 1 neighbourhood selected in this local authority.
breightmet_north,Breightmet North,Phase 2 (IMD/CNI Selected),Bolton,England,£20m (10 years),Confirmed (deadline 17 Jul 2026),N/A,N/A,53.585,-2.39,,Phase 2 neighbourhood. Selected via combined IMD and CNI methodology.,,,Phase 2 neighbourhood in Bolton. 1 neighbourhood selected in this local authority.
whitehawk,Whitehawk,Phase 2 (IMD/CNI Selected),Brighton and Hove,England,£20m (10 years),Confirmed (deadline 17 Jul 2026),N/A,N/A,50.825,-0.105,https://www.brighton-hove.gov.uk/people-and-communities/community-support-and-grants/pride-place,Phase 2 neighbourhood. Selected via combined IMD and CNI methodology.,,,Phase 2 neighbourhood in Brighton and Hove. 1 neighbourhood selected in this local authority.
skelmersdale_south_east,Skelmersdale South East,Phase 2 (IMD/CNI Selected),West Lancashire,England,£20m (10 years),Confirmed (deadline 17 Jul 2026),N/A,N/A,53.545,-2.76,,Phase 2 neighbourhood. Selected via combined IMD and CNI methodology.,,,Phase 2 neighbourhood in West Lancashire. 1 neighbourhood selected in this local authority.
greenstead,Greenstead,Phase 2 (IMD/CNI Selected),Colchester,England,£20m (10 years),Confirmed (deadline 17 Jul 2026),N/A,N/A,51.885,0.94,,Phase 2 neighbourhood. Selected via combined IMD and CNI methodology.,,,Phase 2 neighbourhood in Colchester. 1 neighbourhood selected in this local authority.
chelmsley_wood_east,Chelmsley Wood East,Phase 2 (IMD/CNI Selected),Solihull,England,£20m (10 years),Confirmed (deadline 17 Jul 2026),N/A,N/A,52.48,-1.74,https://www.solihull.gov.uk/communities/pride-place,Phase 2 neighbourhood. Selected via combined IMD and CNI methodology.,,,Phase 2 neighbourhood in Solihull. 1 neighbourhood selected in this local authority.
maltby_east,Maltby East,Phase 2 (IMD/CNI Selected),Rotherham,England,£20m (10 years),Confirmed (deadline 17 Jul 2026),N/A,N/A,53.42,-1.2,https://www.rotherham.gov.uk/local-economy/pride-place-phase-two-maltby-east,Phase 2 neighbourhood. Selected via combined IMD and CNI methodology.,,,Phase 2 neighbourhood in Rotherham. 1 neighbourhood selected in this local authority.
biddick_hall,Biddick Hall,Phase 2 (IMD/CNI Selected),South Tyneside,England,£20m (10 years),Confirmed (deadline 17 Jul 2026),N/A,N/A,54.9721,-1.4352,,Phase 2 neighbourhood. Selected via combined IMD and CNI methodology.,,,Phase 2 neighbourhood in South Tyneside. 1 neighbourhood selected in this local authority.
birchen_coppice,Birchen Coppice,Phase 2 (IMD/CNI Selected),Wyre Forest,England,£20m (10 years),Confirmed (deadline 17 Jul 2026),N/A,N/A,52.37,-2.27,https://www.wyreforestdc.gov.uk/planning-and-buildings/regeneration-and-major-developments/pride-in-place-programme,Phase 2 neighbourhood. Selected via combined IMD and CNI methodology.,,,Phase 2 neighbourhood in Wyre Forest. 1 neighbourhood selected in this local authority.
ribbleton,Ribbleton,Phase 2 (IMD/CNI Selected),Preston,England,£20m (10 years),Confirmed (deadline 17 Jul 2026),N/A,N/A,53.775,-2.65,https://www.preston.gov.uk/article/12161/Chair-Pride-in-Place-Scheme-Ribbleton-Preston,Phase 2 neighbourhood. Selected via combined IMD and CNI methodology.,,,Phase 2 neighbourhood in Preston. 1 neighbourhood selected in this local authority.
beacon_lough_wrekenton,Beacon Lough & Wrekenton,Phase 2 (IMD/CNI Selected),Gateshead,England,£20m (10 years),Confirmed (deadline 17 Jul 2026),N/A,N/A,54.93,-1.58,https://www.gateshead.gov.uk/article/38030/Beacon-Lough-and-Wrekenton-Pride-in-Place-Neighbourhood-Board-Terms-of-Reference,Phase 2 neighbourhood. Selected via combined IMD and CNI methodology.,,,Phase 2 neighbourhood in Gateshead. 1 neighbourhood selected in this local authority.
morecambe_west_end,Morecambe West End,Phase 2 (IMD/CNI Selected),Lancaster,England,£20m (10 years),Confirmed (deadline 17 Jul 2026),N/A,N/A,54.07,-2.88,https://www.northlancashirecab.org.uk/about-us/pride-in-place,Phase 2 neighbourhood. Selected via combined IMD and CNI methodology.,,,Phase 2 neighbourhood in Lancaster. 1 neighbourhood selected in this local authority.
town_centre_east_fingerpost,Town Centre East & Fingerpost,Phase 2 (IMD/CNI Selected),St. Helens,England,£20m (10 years),Confirmed (deadline 17 Jul 2026),N/A,N/A,53.455,-2.725,,Phase 2 neighbourhood. Selected via combined IMD and CNI methodology.,,,Phase 2 neighbourhood in St. Helens. 1 neighbourhood selected in this local authority.
mixenden,Mixenden,Phase 2 (IMD/CNI Selected),Calderdale,England,£20m (10 years),Confirmed (deadline 17 Jul 2026),N/A,N/A,53.755,-1.91,https://new.calderdale.gov.uk/communities/communities/pride-place,Phase 2 neighbourhood. Selected via combined IMD and CNI methodology.,,,Phase 2 neighbourhood in Calderdale. 1 neighbourhood selected in this local authority.
hulme,Hulme,Phase 2 (IMD/CNI Selected),Warrington,England,£20m (10 years),Confirmed (deadline 17 Jul 2026),N/A,N/A,53.41,-2.6,https://www.warrington.gov.uk/pride-place-hulme,Phase 2 neighbourhood. Selected via combined IMD and CNI methodology.,,,Phase 2 neighbourhood in Warrington. 1 neighbourhood selected in this local authority.
bridgwater_south,Bridgwater South,Phase 2 (IMD/CNI Selected),Somerset,England,£20m (10 years),Confirmed (deadline 17 Jul 2026),N/A,N/A,51.12,-3,https://www.somerset.gov.uk/business-economy-and-licences/bridgwater-south-pride-in-place,Phase 2 neighbourhood. Selected via combined IMD and CNI methodology.,,,Phase 2 neighbourhood in Somerset. 1 neighbourhood selected in this local authority.
new_addington_north,New Addington North,Phase 2 (IMD/CNI Selected),Croydon,England,£20m (10 years),Confirmed (deadline 17 Jul 2026),N/A,N/A,51.35,-0.01,https://www.croydon.gov.uk/planning-and-regeneration/regeneration/pride-place-independent-chair-neighbourhood-board-new-addington-north,Phase 2 neighbourhood. Selected via combined IMD and CNI methodology.,,,Phase 2 neighbourhood in Croydon. 1 neighbourhood selected in this local authority.
hereford_south_west,Hereford South West,Phase 2 (IMD/CNI Selected),"Herefordshire, County of",England,£20m (10 years),Confirmed (deadline 17 Jul 2026),N/A,N/A,52.04,-2.73,https://www.herefordshire.gov.uk/your-council/grants-and-funding/community-development-and-funding/hereford-south-west-pride-in-place-neighbourhood-board/,Phase 2 neighbourhood. Selected via combined IMD and CNI methodology.,,,"Phase 2 neighbourhood in Herefordshire, County of. 1 neighbourhood selected in this local authority."
fleetwood_town,Fleetwood Town,Phase 2 (IMD/CNI Selected),Wyre,England,£20m (10 years),Confirmed (deadline 17 Jul 2026),N/A,N/A,53.92,-3.01,https://www.wyre.gov.uk/health-wellbeing/pride-place-fleetwood,Phase 2 neighbourhood. Selected via combined IMD and CNI methodology.,,,Phase 2 neighbourhood in Wyre. 1 neighbourhood selected in this local authority.
blakenall_south,Blakenall South,Phase 2 (IMD/CNI Selected),Walsall,England,£20m (10 years),Confirmed (deadline 17 Jul 2026),N/A,N/A,52.61,-1.99,https://blakenall.place/,Phase 2 neighbourhood. Selected via combined IMD and CNI methodology.,,,Phase 2 neighbourhood in Walsall. 1 neighbourhood selected in this local authority.
weston_bournville,Weston Bournville,Phase 2 (IMD/CNI Selected),North Somerset,England,£20m (10 years),Confirmed (deadline 17 Jul 2026),N/A,N/A,51.335,-2.965,,Phase 2 neighbourhood. Selected via combined IMD and CNI methodology.,,,Phase 2 neighbourhood in North Somerset. 1 neighbourhood selected in this local authority.
gainsborough_west,Gainsborough West,Phase 2 (IMD/CNI Selected),West Lindsey,England,£20m (10 years),Confirmed (deadline 17 Jul 2026),N/A,N/A,53.4,-0.78,https://www.west-lindsey.gov.uk/communities-safety/grants-funding/pride-place-gainsborough-west,Phase 2 neighbourhood. Selected via combined IMD and CNI methodology.,,,Phase 2 neighbourhood in West Lindsey. 1 neighbourhood selected in this local authority.
shadsworth_intack,Shadsworth & Intack,Phase 2 (IMD/CNI Selected),Blackburn with Darwen,England,£20m (10 years),Confirmed (deadline 17 Jul 2026),N/A,N/A,53.74,-2.44,,Phase 2 neighbourhood. Selected via combined IMD and CNI methodology.,,,Phase 2 neighbourhood in Blackburn with Darwen. 1 neighbourhood selected in this local authority.
greenlands,Greenlands,Phase 2 (IMD/CNI Selected),Redditch,England,£20m (10 years),Confirmed (deadline 17 Jul 2026),N/A,N/A,52.29,-1.93,https://www.redditchbc.gov.uk/residents/my-place/pride-in-place/,Phase 2 neighbourhood. Selected via combined IMD and CNI methodology.,,,Phase 2 neighbourhood in Redditch. 1 neighbourhood selected in this local authority.
low_hill,Low Hill,Phase 2 (IMD/CNI Selected),Wolverhampton,England,£20m (10 years),Confirmed (deadline 17 Jul 2026),N/A,N/A,52.615,-2.11,https://www.wolverhampton.gov.uk/community/pride-place-low-hill,Phase 2 neighbourhood. Selected via combined IMD and CNI methodology.,,,Phase 2 neighbourhood in Wolverhampton. 1 neighbourhood selected in this local authority.
percy_main,Percy Main,Phase 2 (IMD/CNI Selected),North Tyneside,England,£20m (10 years),Confirmed (deadline 17 Jul 2026),N/A,N/A,55.005,-1.47,https://haveyoursay.northtyneside.gov.uk/pride-in-place,Phase 2 neighbourhood. Selected via combined IMD and CNI methodology.,,,Phase 2 neighbourhood in North Tyneside. 1 neighbourhood selected in this local authority.
broadwey_littlemoor,Broadwey & Littlemoor,Phase 2 (IMD/CNI Selected),Dorset,England,£20m (10 years),Confirmed (deadline 17 Jul 2026),N/A,N/A,50.64,-2.46,https://www.dorsetcouncil.gov.uk/w/neighbourhood-board,Phase 2 neighbourhood. Selected via combined IMD and CNI methodology.,,,Phase 2 neighbourhood in Dorset. 1 neighbourhood selected in this local authority.
glascote_heath,Glascote Heath,Phase 2 (IMD/CNI Selected),Tamworth,England,£20m (10 years),Confirmed (deadline 17 Jul 2026),N/A,N/A,52.625,-1.67,https://www.tamworth.gov.uk/index.php/neighbourhood-board-chair-voluntary-job-specification,Phase 2 neighbourhood. Selected via combined IMD and CNI methodology.,,,Phase 2 neighbourhood in Tamworth. 1 neighbourhood selected in this local authority.
rowner,Rowner,Phase 2 (IMD/CNI Selected),Gosport,England,£20m (10 years),Confirmed (deadline 17 Jul 2026),N/A,N/A,50.8,-1.16,https://www.gosport.gov.uk/article/3161/Pride-in-Place-Programme-Rowner,Phase 2 neighbourhood. Selected via combined IMD and CNI methodology.,,,Phase 2 neighbourhood in Gosport. 1 neighbourhood selected in this local authority.
grassmoor_holmewood,Grassmoor & Holmewood,Phase 2 (IMD/CNI Selected),North East Derbyshire,England,£20m (10 years),Confirmed (deadline 17 Jul 2026),N/A,N/A,53.2,-1.38,https://www.ne-derbyshire.gov.uk/community/three-pits-pride-in-place,Phase 2 neighbourhood. Selected via combined IMD and CNI methodology.,,,Phase 2 neighbourhood in North East Derbyshire. 1 neighbourhood selected in this local authority.
blatchcombe_blagdon,Blatchcombe & Blagdon,Phase 2 (IMD/CNI Selected),Torbay,England,£20m (10 years),Confirmed (deadline 17 Jul 2026),N/A,N/A,50.44,-3.58,,Phase 2 neighbourhood. Selected via combined IMD and CNI methodology.,,,Phase 2 neighbourhood in Torbay. 1 neighbourhood selected in this local authority.
bewbush,Bewbush,Phase 2 (IMD/CNI Selected),Crawley,England,£20m (10 years),Confirmed (deadline 17 Jul 2026),N/A,N/A,51.1,-0.22,https://crawley.gov.uk/community/community-involvement/pride-place-bewbush,Phase 2 neighbourhood. Selected via combined IMD and CNI methodology.,,,Phase 2 neighbourhood in Crawley. 1 neighbourhood selected in this local authority.
chaddesden_west,Chaddesden West,Phase 2 (IMD/CNI Selected),Derby,England,£20m (10 years),Confirmed (deadline 17 Jul 2026),N/A,N/A,52.93,-1.44,https://www.derby.gov.uk/council-and-democracy/neighbourhood-partnerships/pride-in-place-programme/,Phase 2 neighbourhood. Selected via combined IMD and CNI methodology.,,,Phase 2 neighbourhood in Derby. 1 neighbourhood selected in this local authority.
alt,Alt,Phase 2 (IMD/CNI Selected),Oldham,England,£20m (10 years),Confirmed (deadline 17 Jul 2026),N/A,N/A,53.53,-2.09,,Phase 2 neighbourhood. Selected via combined IMD and CNI methodology.,,,Phase 2 neighbourhood in Oldham. 1 neighbourhood selected in this local authority.
immingham_habrough,Immingham & Habrough,Phase 2 (IMD/CNI Selected),North East Lincolnshire,England,£20m (10 years),Confirmed (deadline 17 Jul 2026),N/A,N/A,53.61,-0.22,,Phase 2 neighbourhood. Selected via combined IMD and CNI methodology.,,,Phase 2 neighbourhood in North East Lincolnshire. 1 neighbourhood selected in this local authority.
salisbury_bemerton,Salisbury Bemerton,Phase 2 (IMD/CNI Selected),Wiltshire,England,£20m (10 years),Confirmed (deadline 17 Jul 2026),N/A,N/A,51.075,-1.82,https://www.wiltshire.gov.uk/article/14962/Pride-in-Place,Phase 2 neighbourhood. Selected via combined IMD and CNI methodology.,,,Phase 2 neighbourhood in Wiltshire. 1 neighbourhood selected in this local authority.
camp_hill,Camp Hill,Phase 2 (IMD/CNI Selected),Nuneaton and Bedworth,England,£20m (10 years),Confirmed (deadline 17 Jul 2026),N/A,N/A,52.54,-1.49,https://www.nuneatonandbedworth.gov.uk/major-projects-1/pride-place-camp-hill,Phase 2 neighbourhood. Selected via combined IMD and CNI methodology.,,,Phase 2 neighbourhood in Nuneaton and Bedworth. 1 neighbourhood selected in this local authority.
shoeburyness,Shoeburyness,Phase 2 (IMD/CNI Selected),Southend-on-Sea,England,£20m (10 years),Confirmed (deadline 17 Jul 2026),N/A,N/A,51.53,0.79,https://yoursay.southend.gov.uk/pride-in-shoeburyness,Phase 2 neighbourhood. Selected via combined IMD and CNI methodology.,,,Phase 2 neighbourhood in Southend-on-Sea. 1 neighbourhood selected in this local authority.
radcliffe,Radcliffe,Phase 2 (IMD/CNI Selected),Bury,England,£20m (10 years),Confirmed (deadline 17 Jul 2026),N/A,N/A,53.56,-2.33,https://www.bury.gov.uk/planning-building-control/regeneration/radcliffe-regeneration/radcliffe-pride-in-place-programme,Phase 2 neighbourhood. Selected via combined IMD and CNI methodology.,,,Phase 2 neighbourhood in Bury. 1 neighbourhood selected in this local authority.
greater_leys,Greater Leys,Phase 2 (IMD/CNI Selected),Oxford,England,£20m (10 years),Confirmed (deadline 17 Jul 2026),N/A,N/A,51.71,-1.21,https://www.oxford.gov.uk/pipp,Phase 2 neighbourhood. Selected via combined IMD and CNI methodology.,,,Phase 2 neighbourhood in Oxford. 1 neighbourhood selected in this local authority.
wick_toddington,Wick & Toddington,Phase 2 (IMD/CNI Selected),Arun,England,£20m (10 years),Confirmed (deadline 17 Jul 2026),N/A,N/A,50.82,-0.55,https://www.littlehampton-tc.gov.uk/prideinplace,Phase 2 neighbourhood. Selected via combined IMD and CNI methodology.,,,Phase 2 neighbourhood in Arun. 1 neighbourhood selected in this local authority.
twerton,Twerton,Phase 2 (IMD/CNI Selected),Bath and North East Somerset,England,£20m (10 years),Confirmed (deadline 17 Jul 2026),N/A,N/A,51.38,-2.4,https://www.bathnes.gov.uk/pride-place-twerton-and-whiteway,Phase 2 neighbourhood. Selected via combined IMD and CNI methodology.,,,Phase 2 neighbourhood in Bath and North East Somerset. 1 neighbourhood selected in this local authority.
lakenheath,Lakenheath,Phase 2 (IMD/CNI Selected),West Suffolk,England,£20m (10 years),Confirmed (deadline 17 Jul 2026),N/A,N/A,52.415,0.52,https://www.westsuffolk.gov.uk/community/pride-in-place/lakenheath-pride-in-place.cfm,Phase 2 neighbourhood. Selected via combined IMD and CNI methodology.,,,Phase 2 neighbourhood in West Suffolk. 1 neighbourhood selected in this local authority.
buckland_st_radigunds,Buckland & St Radigunds,Phase 2 (IMD/CNI Selected),Dover,England,£20m (10 years),Confirmed (deadline 17 Jul 2026),N/A,N/A,51.135,1.3,https://www.dover.gov.uk/Community/Pride-in-Place/Pride-in-Place.aspx,Phase 2 neighbourhood. Selected via combined IMD and CNI methodology.,,,Phase 2 neighbourhood in Dover. 1 neighbourhood selected in this local authority.
north_locality_priority_neighbourhood_cu,"North Locality Priority Neighbourhood / Cummings Park, Heathryfold and Middlefield, Northfield, Mastrick",Phase 2 (IMD/CNI Selected),Aberdeen City,Scotland,£20m (10 years),Confirmed (deadline 17 Jul 2026),N/A,N/A,57.16,-2.16,,Phase 2 neighbourhood. Selected via combined IMD and CNI methodology.,,,Phase 2 neighbourhood in Aberdeen City. 1 neighbourhood selected in this local authority.
bingham_magdalene_the_christians_and_nid,"Bingham, Magdalene, The Christians and Niddrie",Phase 2 (IMD/CNI Selected),City of Edinburgh,Scotland,£20m (10 years),Confirmed (deadline 17 Jul 2026),N/A,N/A,55.94,-3.12,https://www.edinburgh.gov.uk/funding-opportunities/pride-place,Phase 2 neighbourhood. Selected via combined IMD and CNI methodology.,,,Phase 2 neighbourhood in City of Edinburgh. 1 neighbourhood selected in this local authority.
the_forgotten_villages_braes_villages_an,The Forgotten Villages / Braes Villages and Hallglen,Phase 2 (IMD/CNI Selected),Falkirk,Scotland,£20m (10 years),Confirmed (deadline 17 Jul 2026),N/A,N/A,55.98,-3.77,,Phase 2 neighbourhood. Selected via combined IMD and CNI methodology.,,,Phase 2 neighbourhood in Falkirk. 1 neighbourhood selected in this local authority.
methil_and_buckhaven,Methil and Buckhaven,Phase 2 (IMD/CNI Selected),Fife,Scotland,£20m (10 years),Confirmed (deadline 17 Jul 2026),N/A,N/A,56.18,-3.02,,Phase 2 neighbourhood. Selected via combined IMD and CNI methodology.,,,Phase 2 neighbourhood in Fife. 2 neighbourhoods selected in this local authority.
west_fife_villages_oakley_comrie_and_bla,"West Fife Villages / Oakley Comrie and Blairhall, Valleyfield Culross and Torryburn, Kincardine, Saline and Gowkhall",Phase 2 (IMD/CNI Selected),Fife,Scotland,£20m (10 years),Confirmed (deadline 17 Jul 2026),N/A,N/A,56.08,-3.55,,Phase 2 neighbourhood. Selected via combined IMD and CNI methodology.,,,Phase 2 neighbourhood in Fife. 2 neighbourhoods selected in this local authority.
castlemilk,Castlemilk,Phase 2 (IMD/CNI Selected),Glasgow City,Scotland,£20m (10 years),Confirmed (deadline 17 Jul 2026),N/A,N/A,55.805,-4.25,https://www.glasgow.gov.uk/prideinplace,Phase 2 neighbourhood. Selected via combined IMD and CNI methodology.,,,Phase 2 neighbourhood in Glasgow City. 2 neighbourhoods selected in this local authority.
springburn_and_sighthill,Springburn and Sighthill,Phase 2 (IMD/CNI Selected),Glasgow City,Scotland,£20m (10 years),Confirmed (deadline 17 Jul 2026),N/A,N/A,55.885,-4.23,https://www.glasgow.gov.uk/prideinplace,Phase 2 neighbourhood. Selected via combined IMD and CNI methodology.,,,Phase 2 neighbourhood in Glasgow City. 2 neighbourhoods selected in this local authority.
north_west_and_east_sutherland,"North, West and East Sutherland",Phase 2 (IMD/CNI Selected),Highland,Scotland,£20m (10 years),Confirmed (deadline 17 Jul 2026),N/A,N/A,58.2,-4.4,https://www.highland.gov.uk/economy-regeneration/uk-government-pride-place-fund,Phase 2 neighbourhood. Selected via combined IMD and CNI methodology.,,,Phase 2 neighbourhood in Highland. 1 neighbourhood selected in this local authority.
three_towns_ardrossan_saltcoats_and_stev,"Three Towns / Ardrossan, Saltcoats, and Stevenston",Phase 2 (IMD/CNI Selected),North Ayrshire,Scotland,£20m (10 years),Confirmed (deadline 17 Jul 2026),N/A,N/A,55.635,-4.79,https://northayrshire.community/three-towns-town-board/,Phase 2 neighbourhood. Selected via combined IMD and CNI methodology.,,,Phase 2 neighbourhood in North Ayrshire. 1 neighbourhood selected in this local authority.
forgewood_north_motherwell_and_town_cent,"Forgewood, North Motherwell and town centre",Phase 2 (IMD/CNI Selected),North Lanarkshire,Scotland,£20m (10 years),Confirmed (deadline 17 Jul 2026),N/A,N/A,55.805,-4,https://www.northlanarkshire.gov.uk/regeneration-and-investment/towns-and-communities/town-centre-regeneration/pride-place-motherwell,Phase 2 neighbourhood. Selected via combined IMD and CNI methodology.,,,Phase 2 neighbourhood in North Lanarkshire. 1 neighbourhood selected in this local authority.
northern_ayr_and_town_centre_regeneratio,Northern Ayr and Town Centre Regeneration Corridor,Phase 2 (IMD/CNI Selected),South Ayrshire,Scotland,£20m (10 years),Confirmed (deadline 17 Jul 2026),N/A,N/A,55.475,-4.61,,Phase 2 neighbourhood. Selected via combined IMD and CNI methodology.,,,Phase 2 neighbourhood in South Ayrshire. 1 neighbourhood selected in this local authority.
hamilton_town_centre,Hamilton Town Centre,Phase 2 (IMD/CNI Selected),South Lanarkshire,Scotland,£20m (10 years),Confirmed (deadline 17 Jul 2026),N/A,N/A,55.777,-4.05,,Phase 2 neighbourhood. Selected via combined IMD and CNI methodology.,,,Phase 2 neighbourhood in South Lanarkshire. 1 neighbourhood selected in this local authority.
stornoway_and_lewis,Stornoway and Lewis,Phase 2 (IMD/CNI Selected),Na h-Eileanan Siar,Scotland,£20m (10 years),Confirmed (deadline 17 Jul 2026),N/A,N/A,58.21,-6.39,,Phase 2 neighbourhood. Selected via combined IMD and CNI methodology.,,,Phase 2 neighbourhood in Na h-Eileanan Siar. 1 neighbourhood selected in this local authority.
fauldhouse_whitburn_and_blackburn,"Fauldhouse, Whitburn and Blackburn",Phase 2 (IMD/CNI Selected),West Lothian,Scotland,£20m (10 years),Confirmed (deadline 17 Jul 2026),N/A,N/A,55.86,-3.71,https://www.westlothian.gov.uk/article/88358/Pride-in-Place-Blackburn-Fauldhouse-and-Whitburn,Phase 2 neighbourhood. Selected via combined IMD and CNI methodology.,,,Phase 2 neighbourhood in West Lothian. 1 neighbourhood selected in this local authority.
sirhowy_valley,Sirhowy Valley,Phase 2 (IMD/CNI Selected),Blaenau Gwent,Wales,£20m (10 years),Confirmed (deadline 17 Jul 2026),N/A,N/A,51.77,-3.24,,Phase 2 neighbourhood. Selected via combined IMD and CNI methodology.,,,Phase 2 neighbourhood in Blaenau Gwent. 1 neighbourhood selected in this local authority.
upper_afan_valley,Upper Afan Valley,Phase 2 (IMD/CNI Selected),Neath Port Talbot,Wales,£20m (10 years),Confirmed (deadline 17 Jul 2026),N/A,N/A,51.66,-3.66,https://www.npt.gov.uk/business/strategic-funding-programmes/pride-in-place-programme/,Phase 2 neighbourhood. Selected via combined IMD and CNI methodology.,,,Phase 2 neighbourhood in Neath Port Talbot. 1 neighbourhood selected in this local authority.
high_street_and_dyfatty,High Street and Dyfatty,Phase 2 (IMD/CNI Selected),Swansea,Wales,£20m (10 years),Confirmed (deadline 17 Jul 2026),N/A,N/A,51.625,-3.94,https://northgateswanseapip.co.uk/,Phase 2 neighbourhood. Selected via combined IMD and CNI methodology.,,,Phase 2 neighbourhood in Swansea. 1 neighbourhood selected in this local authority.
newport_central_cluster,Newport Central Cluster,Phase 2 (IMD/CNI Selected),Newport,Wales,£20m (10 years),Confirmed (deadline 17 Jul 2026),N/A,N/A,51.585,-2.998,,Phase 2 neighbourhood. Selected via combined IMD and CNI methodology.,,,Phase 2 neighbourhood in Newport. 1 neighbourhood selected in this local authority.
rhondda_fach,Rhondda Fach,Phase 2 (IMD/CNI Selected),Rhondda Cynon Taf,Wales,£20m (10 years),Confirmed (deadline 17 Jul 2026),N/A,N/A,51.66,-3.45,,Phase 2 neighbourhood. Selected via combined IMD and CNI methodology.,,,Phase 2 neighbourhood in Rhondda Cynon Taf. 1 neighbourhood selected in this local authority.
ely_caerau,Ely & Caerau,Phase 2 (IMD/CNI Selected),Cardiff,Wales,£20m (10 years),Confirmed (deadline 17 Jul 2026),N/A,N/A,51.48,-3.26,https://www.devandregencardiff.co.uk/pride-in-place/,Phase 2 neighbourhood. Selected via combined IMD and CNI methodology.,,,Phase 2 neighbourhood in Cardiff. 1 neighbourhood selected in this local authority.
bargoed_aberbargoed_and_new_tredegar,"Bargoed, Aberbargoed and New Tredegar",Phase 2 (IMD/CNI Selected),Caerphilly,Wales,£20m (10 years),Confirmed (deadline 17 Jul 2026),N/A,N/A,51.69,-3.23,,Phase 2 neighbourhood. Selected via combined IMD and CNI methodology.,,,Phase 2 neighbourhood in Caerphilly. 1 neighbourhood selected in this local authority.
llanelli_tyisha_glanymor_and_town_centre,"Llanelli: Tyisha, Glanymor and Town Centre",Phase 2 (IMD/CNI Selected),Carmarthenshire,Wales,£20m (10 years),Confirmed (deadline 17 Jul 2026),N/A,N/A,51.675,-4.16,,Phase 2 neighbourhood. Selected via combined IMD and CNI methodology.,,,Phase 2 neighbourhood in Carmarthenshire. 1 neighbourhood selected in this local authority.
llandudno_tudno_2_tudno_1_and_mostyn_2,"Llandudno (Tudno 2, Tudno 1 and Mostyn 2)",Phase 2 (IMD/CNI Selected),Conwy,Wales,£20m (10 years),Confirmed (deadline 17 Jul 2026),N/A,N/A,53.32,-3.83,,Phase 2 neighbourhood. Selected via combined IMD and CNI methodology.,,,Phase 2 neighbourhood in Conwy. 1 neighbourhood selected in this local authority.
arbroath,Arbroath,Phase 1 (Plan for Neighbourhoods),Angus,UK,£20m (10 years),Established,"24,000",,56.561,-2.586,https://ourarbroath.com/,Phase 1 area.,,,"Phase 1 place (Plan for Neighbourhoods 75). Added after verification against GOV.UK, Jul 2026."
bedworth,Bedworth,Phase 1 (Plan for Neighbourhoods),Nuneaton and Bedworth,UK,£20m (10 years),Established,"31,000",,52.475,-1.477,https://www.believeinbedworth.uk/,Phase 1 area.,,,"Phase 1 place (Plan for Neighbourhoods 75). Added after verification against GOV.UK, Jul 2026."
canvey_island,Canvey Island,Phase 1 (Plan for Neighbourhoods),Castle Point,UK,£20m (10 years),Established,"38,000",,51.522,0.593,https://www.castlepoint.gov.uk/pride-in-place-canvey-island,Phase 1 area.,,,"Phase 1 place (Plan for Neighbourhoods 75). Added after verification against GOV.UK, Jul 2026."
carlton,Carlton,Phase 1 (Plan for Neighbourhoods),Gedling,UK,£20m (10 years),Established,"37,000",,52.972,-1.083,https://www.gedling.gov.uk/business-and-licences/greater-carlton-pride-place,Phase 1 area.,,,"Phase 1 place (Plan for Neighbourhoods 75). Added after verification against GOV.UK, Jul 2026."
coatbridge,Coatbridge,Phase 1 (Plan for Neighbourhoods),North Lanarkshire,UK,£20m (10 years),Established,"43,000",,55.862,-4.026,https://www.northlanarkshire.gov.uk/regeneration-and-investment/towns-and-communities/town-centre-regeneration/pride-place-coatbridge,Phase 1 area.,,,"Phase 1 place (Plan for Neighbourhoods 75). Added after verification against GOV.UK, Jul 2026."
darlington,Darlington,Phase 1 (Plan for Neighbourhoods),Darlington,UK,£20m (10 years),Established,"93,000",,54.523,-1.559,https://www.darlington.gov.uk/business-and-licensing/business/town-centre/regenerating-darlington/pride-in-place-governance/,Phase 1 area.,,,"Phase 1 place (Plan for Neighbourhoods 75). Added after verification against GOV.UK, Jul 2026."
derry_londonderry,Derry~Londonderry,Phase 1 (Plan for Neighbourhoods),Derry City and Strabane,UK,£20m (10 years),Established,"85,000",,54.997,-7.309,https://growderrystrabane.com/pride-in-place/,Phase 1 area.,,,"Phase 1 place (Plan for Neighbourhoods 75). Added after verification against GOV.UK, Jul 2026."
dewsbury,Dewsbury,Phase 1 (Plan for Neighbourhoods),Kirklees,UK,£20m (10 years),Established,"63,000",,53.691,-1.633,https://www.dewsburyneighbourhoodboard.co.uk/,Phase 1 area.,,,"Phase 1 place (Plan for Neighbourhoods 75). Added after verification against GOV.UK, Jul 2026."
eastbourne,Eastbourne,Phase 1 (Plan for Neighbourhoods),Eastbourne,UK,£20m (10 years),Established,"99,000",,50.768,0.284,https://weareeastbourne.org.uk/,Phase 1 area.,,,"Phase 1 place (Plan for Neighbourhoods 75). Added after verification against GOV.UK, Jul 2026."
harlow,Harlow,Phase 1 (Plan for Neighbourhoods),Harlow,UK,£20m (10 years),Established,"93,000",,51.767,0.087,,Phase 1 area.,,,"Phase 1 place (Plan for Neighbourhoods 75). Added after verification against GOV.UK, Jul 2026."
keighley,Keighley,Phase 1 (Plan for Neighbourhoods),Bradford,UK,£20m (10 years),Established,"51,000",,53.867,-1.906,https://www.bradford.gov.uk/regeneration/keighley-towns-fund/keighley-towns-fund-board-and-minutes/,Phase 1 area.,,,"Phase 1 place (Plan for Neighbourhoods 75). Added after verification against GOV.UK, Jul 2026."
kings_lynn,King's Lynn,Phase 1 (Plan for Neighbourhoods),King's Lynn and West Norfolk,UK,£20m (10 years),Established,"43,000",,52.754,0.402,https://www.visionkingslynn.co.uk/kings-lynn-neighbourhood-board/,Phase 1 area.,,,"Phase 1 place (Plan for Neighbourhoods 75). Added after verification against GOV.UK, Jul 2026."
merthyr_tydfil,Merthyr Tydfil,Phase 1 (Plan for Neighbourhoods),Merthyr Tydfil,UK,£20m (10 years),Established,"44,000",,51.749,-3.381,https://www.merthyr.gov.uk/resident/regeneration/plan-for-neighbourhoods-programme,Phase 1 area.,,,"Phase 1 place (Plan for Neighbourhoods 75). Added after verification against GOV.UK, Jul 2026."
newton_le_willows,Newton-le-Willows,Phase 1 (Plan for Neighbourhoods),St Helens,UK,£20m (10 years),Established,"23,000",,53.451,-2.635,https://www.sthelens.gov.uk/article/11064/Newton-le-Willows-Neighbourhood-Board,Phase 1 area.,,,"Phase 1 place (Plan for Neighbourhoods 75). Added after verification against GOV.UK, Jul 2026."
kirkwall,Orkney Islands (Kirkwall),Phase 1 (Plan for Neighbourhoods),Orkney Islands,UK,£20m (10 years),Established,"10,000",,58.981,-2.96,https://www.theorkneyfund.org.uk/,Phase 1 area.,,,"Phase 1 place (Plan for Neighbourhoods 75). Added after verification against GOV.UK, Jul 2026."
peterhead,Peterhead,Phase 1 (Plan for Neighbourhoods),Aberdeenshire,UK,£20m (10 years),Established,"19,000",,57.507,-1.784,https://wearepeterhead.co.uk/,Phase 1 area.,,,"Phase 1 place (Plan for Neighbourhoods 75). Added after verification against GOV.UK, Jul 2026."
ramsgate,Ramsgate,Phase 1 (Plan for Neighbourhoods),Thanet,UK,£20m (10 years),Established,"42,000",,51.336,1.416,https://www.thanet.gov.uk/info-pages/ramsgate-neighbourhood-board/,Phase 1 area.,,,"Phase 1 place (Plan for Neighbourhoods 75). Added after verification against GOV.UK, Jul 2026."
rawtenstall,Rawtenstall,Phase 1 (Plan for Neighbourhoods),Rossendale,UK,£20m (10 years),Established,"23,000",,53.699,-2.291,https://www.rossendale.gov.uk/regeneration-3/pride-place,Phase 1 area.,,,"Phase 1 place (Plan for Neighbourhoods 75). Added after verification against GOV.UK, Jul 2026."
royal_sutton_coldfield,Royal Sutton Coldfield,Phase 1 (Plan for Neighbourhoods),Birmingham,UK,£20m (10 years),Established,"96,000",,52.563,-1.822,https://suttoncoldfieldtowncouncil.gov.uk/prideinplace/,Phase 1 area.,,,"Phase 1 place (Plan for Neighbourhoods 75). Added after verification against GOV.UK, Jul 2026."
runcorn,Runcorn,Phase 1 (Plan for Neighbourhoods),Halton,UK,£20m (10 years),Established,"62,000",,53.342,-2.729,,Phase 1 area.,,,"Phase 1 place (Plan for Neighbourhoods 75). Added after verification against GOV.UK, Jul 2026."
scarborough,Scarborough,Phase 1 (Plan for Neighbourhoods),North Yorkshire,UK,£20m (10 years),Established,"62,000",,54.283,-0.4,https://www.northyorks.gov.uk/community-and-volunteering/community-projects/scarborough-and-whitby-town-deals/scarborough-neighbourhood-board,Phase 1 area.,,,"Phase 1 place (Plan for Neighbourhoods 75). Added after verification against GOV.UK, Jul 2026."
thetford,Thetford,Phase 1 (Plan for Neighbourhoods),Breckland,UK,£20m (10 years),Established,"25,000",,52.413,0.744,https://www.breckland.gov.uk/thetford-plan-for-neighbourhoods,Phase 1 area.,,,"Phase 1 place (Plan for Neighbourhoods 75). Added after verification against GOV.UK, Jul 2026."
wisbech,Wisbech,Phase 1 (Plan for Neighbourhoods),Fenland,UK,£20m (10 years),Established,"34,000",,52.666,0.159,https://www.fenland.gov.uk/article/17990/The-Wisbech-Plan-For-Neighbourhoods-Investment,Phase 1 area.,,,"Phase 1 place (Plan for Neighbourhoods 75). Added after verification against GOV.UK, Jul 2026."
west_howe,West Howe,Phase 3 (2026 Expansion),"Bournemouth, Christchurch and Poole",England,£20m (10 years),Being established,N/A,N/A,50.744,-1.912,https://www.bcpcouncil.gov.uk/campaigns-and-programmes/pride-in-place,Phase 3 (2026 expansion). Selected via updated methodology.,,,"Phase 3 expansion neighbourhood in Bournemouth, Christchurch and Poole (3 selected in this local authority). Announced 4 Feb 2026, named 20 Mar 2026."
boscombe_west,Boscombe West,Phase 3 (2026 Expansion),"Bournemouth, Christchurch and Poole",England,£20m (10 years),Being established,N/A,N/A,50.725,-1.841,https://www.bcpcouncil.gov.uk/campaigns-and-programmes/pride-in-place,Phase 3 (2026 expansion). Selected via updated methodology.,,,"Phase 3 expansion neighbourhood in Bournemouth, Christchurch and Poole (3 selected in this local authority). Announced 4 Feb 2026, named 20 Mar 2026."
hamworthy_west,Hamworthy West,Phase 3 (2026 Expansion),"Bournemouth, Christchurch and Poole",England,£20m (10 years),Being established,N/A,N/A,50.712,-2.021,https://www.bcpcouncil.gov.uk/campaigns-and-programmes/pride-in-place,Phase 3 (2026 expansion). Selected via updated methodology.,,,"Phase 3 expansion neighbourhood in Bournemouth, Christchurch and Poole (3 selected in this local authority). Announced 4 Feb 2026, named 20 Mar 2026."
luton_medway,Luton (Medway),Phase 3 (2026 Expansion),Medway,England,£20m (10 years),Being established,N/A,N/A,51.371,0.538,https://www.medway.gov.uk/info/200914/medway_pride_in_place,Phase 3 (2026 expansion). Selected via updated methodology.,,,"Phase 3 expansion neighbourhood in Medway (3 selected in this local authority). Announced 4 Feb 2026, named 20 Mar 2026."
twydall,Twydall,Phase 3 (2026 Expansion),Medway,England,£20m (10 years),Being established,N/A,N/A,51.384,0.583,https://www.medway.gov.uk/info/200914/medway_pride_in_place,Phase 3 (2026 expansion). Selected via updated methodology.,,,"Phase 3 expansion neighbourhood in Medway (3 selected in this local authority). Announced 4 Feb 2026, named 20 Mar 2026."
rede_common,Rede Common,Phase 3 (2026 Expansion),Medway,England,£20m (10 years),Being established,N/A,N/A,51.392,0.487,https://www.medway.gov.uk/info/200914/medway_pride_in_place,Phase 3 (2026 expansion). Selected via updated methodology.,,,"Phase 3 expansion neighbourhood in Medway (3 selected in this local authority). Announced 4 Feb 2026, named 20 Mar 2026."
mayesbrook_park_rippleside,Mayesbrook Park & Rippleside,Phase 3 (2026 Expansion),Barking and Dagenham,England,£20m (10 years),Being established,N/A,N/A,51.545,0.106,https://oneboroughvoice.lbbd.gov.uk/pride-in-place-neighbourhood-board,Phase 3 (2026 expansion). Selected via updated methodology.,,,"Phase 3 expansion neighbourhood in Barking and Dagenham (2 selected in this local authority). Announced 4 Feb 2026, named 20 Mar 2026."
central_park_frizlands_lane,Central Park & Frizlands Lane,Phase 3 (2026 Expansion),Barking and Dagenham,England,£20m (10 years),Being established,N/A,N/A,51.557,0.145,https://oneboroughvoice.lbbd.gov.uk/pride-in-place-neighbourhood-board,Phase 3 (2026 expansion). Selected via updated methodology.,,,"Phase 3 expansion neighbourhood in Barking and Dagenham (2 selected in this local authority). Announced 4 Feb 2026, named 20 Mar 2026."
st_raphaels,St Raphaels,Phase 3 (2026 Expansion),Brent,England,£20m (10 years),Being established,N/A,N/A,51.545,-0.288,https://www.brent.gov.uk/neighbourhoods-and-communities/pride-in-place,Phase 3 (2026 expansion). Selected via updated methodology.,,,"Phase 3 expansion neighbourhood in Brent (2 selected in this local authority). Announced 4 Feb 2026, named 20 Mar 2026."
harlesden,Harlesden,Phase 3 (2026 Expansion),Brent,England,£20m (10 years),Being established,N/A,N/A,51.536,-0.245,https://www.brent.gov.uk/neighbourhoods-and-communities/pride-in-place,Phase 3 (2026 expansion). Selected via updated methodology.,,,"Phase 3 expansion neighbourhood in Brent (2 selected in this local authority). Announced 4 Feb 2026, named 20 Mar 2026."
tile_hill,Tile Hill,Phase 3 (2026 Expansion),Coventry,England,£20m (10 years),Being established,N/A,N/A,52.396,-1.594,,Phase 3 (2026 expansion). Selected via updated methodology.,,,"Phase 3 expansion neighbourhood in Coventry (2 selected in this local authority). Announced 4 Feb 2026, named 20 Mar 2026."
hillfields,Hillfields,Phase 3 (2026 Expansion),Coventry,England,£20m (10 years),Being established,N/A,N/A,52.413,-1.497,,Phase 3 (2026 expansion). Selected via updated methodology.,,,"Phase 3 expansion neighbourhood in Coventry (2 selected in this local authority). Announced 4 Feb 2026, named 20 Mar 2026."
lower_edmonton_south,Lower Edmonton South,Phase 3 (2026 Expansion),Enfield,England,£20m (10 years),Being established,N/A,N/A,51.615,-0.06,https://letstalk.enfield.gov.uk/prideinplace-edmonton,Phase 3 (2026 expansion). Selected via updated methodology.,,,"Phase 3 expansion neighbourhood in Enfield (2 selected in this local authority). Announced 4 Feb 2026, named 20 Mar 2026."
enfield_wash,Enfield Wash,Phase 3 (2026 Expansion),Enfield,England,£20m (10 years),Being established,N/A,N/A,51.669,-0.043,https://letstalk.enfield.gov.uk/prideinplace-enfieldwash,Phase 3 (2026 expansion). Selected via updated methodology.,,,"Phase 3 expansion neighbourhood in Enfield (2 selected in this local authority). Announced 4 Feb 2026, named 20 Mar 2026."
stoke_park_ipswich,Stoke Park,Phase 3 (2026 Expansion),Ipswich,England,£20m (10 years),Being established,N/A,N/A,52.037,1.135,,Phase 3 (2026 expansion). Selected via updated methodology.,,,"Phase 3 expansion neighbourhood in Ipswich (2 selected in this local authority). Announced 4 Feb 2026, named 20 Mar 2026."
whitehouse_ipswich,Whitehouse,Phase 3 (2026 Expansion),Ipswich,England,£20m (10 years),Being established,N/A,N/A,52.077,1.126,,Phase 3 (2026 expansion). Selected via updated methodology.,,,"Phase 3 expansion neighbourhood in Ipswich (2 selected in this local authority). Announced 4 Feb 2026, named 20 Mar 2026."
central_luton,Central Luton,Phase 3 (2026 Expansion),Luton,England,£20m (10 years),Being established,N/A,N/A,51.879,-0.417,https://www.luton.gov.uk/community-environment/regeneration/pride-place-programme,Phase 3 (2026 expansion). Selected via updated methodology.,,,"Phase 3 expansion neighbourhood in Luton (2 selected in this local authority). Announced 4 Feb 2026, named 20 Mar 2026."
marsh_farm,Marsh Farm,Phase 3 (2026 Expansion),Luton,England,£20m (10 years),Being established,N/A,N/A,51.917,-0.443,https://www.luton.gov.uk/community-environment/regeneration/pride-place-programme,Phase 3 (2026 expansion). Selected via updated methodology.,,,"Phase 3 expansion neighbourhood in Luton (2 selected in this local authority). Announced 4 Feb 2026, named 20 Mar 2026."
fawdon_south,Fawdon South,Phase 3 (2026 Expansion),Newcastle upon Tyne,England,£20m (10 years),Being established,N/A,N/A,55.01,-1.64,https://new.newcastle.gov.uk/communities/grants-funding/funding-voluntary-and-community-organisations/pride-place-programme-funding/pride-place-programme-fawdon-south,Phase 3 (2026 expansion). Selected via updated methodology.,,,"Phase 3 expansion neighbourhood in Newcastle upon Tyne (2 selected in this local authority). Announced 4 Feb 2026, named 20 Mar 2026."
throckley_newburn,Throckley & Newburn,Phase 3 (2026 Expansion),Newcastle upon Tyne,England,£20m (10 years),Being established,N/A,N/A,54.988,-1.744,https://new.newcastle.gov.uk/communities/grants-funding/funding-voluntary-and-community-organisations/pride-place-programme-funding/pride-place-programme-throckley-newburn-and-walbottle,Phase 3 (2026 expansion). Selected via updated methodology.,,,"Phase 3 expansion neighbourhood in Newcastle upon Tyne (2 selected in this local authority). Announced 4 Feb 2026, named 20 Mar 2026."
britwell,Britwell,Phase 3 (2026 Expansion),Slough,England,£20m (10 years),Being established,N/A,N/A,51.524,-0.622,,Phase 3 (2026 expansion). Selected via updated methodology.,,,"Phase 3 expansion neighbourhood in Slough (2 selected in this local authority). Announced 4 Feb 2026, named 20 Mar 2026."
langley_foxborough,Langley Foxborough,Phase 3 (2026 Expansion),Slough,England,£20m (10 years),Being established,N/A,N/A,51.507,-0.545,,Phase 3 (2026 expansion). Selected via updated methodology.,,,"Phase 3 expansion neighbourhood in Slough (2 selected in this local authority). Announced 4 Feb 2026, named 20 Mar 2026."
hucknall_westville,Hucknall Westville,Phase 3 (2026 Expansion),Ashfield,England,£20m (10 years),Being established,N/A,N/A,53.033,-1.213,,Phase 3 (2026 expansion). Selected via updated methodology.,,,"Phase 3 expansion neighbourhood in Ashfield (1 selected in this local authority). Announced 4 Feb 2026, named 20 Mar 2026."
slade_green_crayford_marshes,Slade Green & Crayford Marshes,Phase 3 (2026 Expansion),Bexley,England,£20m (10 years),Being established,N/A,N/A,51.467,0.19,,Phase 3 (2026 expansion). Selected via updated methodology.,,,"Phase 3 expansion neighbourhood in Bexley (1 selected in this local authority). Announced 4 Feb 2026, named 20 Mar 2026."
handsworth_west,Handsworth West,Phase 3 (2026 Expansion),Birmingham,England,£20m (10 years),Being established,N/A,N/A,52.507,-1.936,,Phase 3 (2026 expansion). Selected via updated methodology.,,,"Phase 3 expansion neighbourhood in Birmingham (1 selected in this local authority). Announced 4 Feb 2026, named 20 Mar 2026."
cannock_north,Cannock North,Phase 3 (2026 Expansion),Cannock Chase,England,£20m (10 years),Being established,N/A,N/A,52.7,-2.03,https://www.cannockchasedc.gov.uk/business/economic-development/pride-place-chadsmoor,Phase 3 (2026 expansion). Selected via updated methodology.,,,"Phase 3 expansion neighbourhood in Cannock Chase (1 selected in this local authority). Announced 4 Feb 2026, named 20 Mar 2026."
university_hospital_queens_road,University Hospital & Queen’s Road,Phase 3 (2026 Expansion),Croydon,England,£20m (10 years),Being established,N/A,N/A,51.389,-0.107,https://www.croydon.gov.uk/planning-and-regeneration/regeneration/pride-place-programme/croydon-west,Phase 3 (2026 expansion). Selected via updated methodology.,,,"Phase 3 expansion neighbourhood in Croydon (1 selected in this local authority). Announced 4 Feb 2026, named 20 Mar 2026."
new_normanton,New Normanton,Phase 3 (2026 Expansion),Derby,England,£20m (10 years),Being established,N/A,N/A,52.905,-1.482,https://www.derby.gov.uk/council-and-democracy/neighbourhood-partnerships/pride-in-place-programme/,Phase 3 (2026 expansion). Selected via updated methodology.,,,"Phase 3 expansion neighbourhood in Derby (1 selected in this local authority). Announced 4 Feb 2026, named 20 Mar 2026."
heavitree_east_whipton_south,Heavitree East & Whipton South,Phase 3 (2026 Expansion),Exeter,England,£20m (10 years),Being established,N/A,N/A,50.726,-3.494,,Phase 3 (2026 expansion). Selected via updated methodology.,,,"Phase 3 expansion neighbourhood in Exeter (1 selected in this local authority). Announced 4 Feb 2026, named 20 Mar 2026."
matson_robinswood,Matson & Robinswood,Phase 3 (2026 Expansion),Gloucester,England,£20m (10 years),Being established,N/A,N/A,51.838,-2.221,,Phase 3 (2026 expansion). Selected via updated methodology.,,,"Phase 3 expansion neighbourhood in Gloucester (1 selected in this local authority). Announced 4 Feb 2026, named 20 Mar 2026."
thamesmead_birchmere_park,Thamesmead Birchmere Park,Phase 3 (2026 Expansion),Greenwich,England,£20m (10 years),Being established,N/A,N/A,51.501,0.113,https://www.royalgreenwich.gov.uk/business-and-licences/economic-development/pride-in-place/thamesmead-birchmere-park,Phase 3 (2026 expansion). Selected via updated methodology.,,,"Phase 3 expansion neighbourhood in Greenwich (1 selected in this local authority). Announced 4 Feb 2026, named 20 Mar 2026."
moss_side_west,Moss Side West,Phase 3 (2026 Expansion),Manchester,England,£20m (10 years),Being established,N/A,N/A,53.455,-2.253,https://www.manchester.gov.uk/consultations-and-surveys/pride-in-place-tell-us-what-you-think-about-your-area,Phase 3 (2026 expansion). Selected via updated methodology.,,,"Phase 3 expansion neighbourhood in Manchester (1 selected in this local authority). Announced 4 Feb 2026, named 20 Mar 2026."
little_ilford_east,Little Ilford East,Phase 3 (2026 Expansion),Newham,England,£20m (10 years),Being established,N/A,N/A,51.548,0.062,https://newhamco-create.co.uk/folders/little-ilford-pride-in-place,Phase 3 (2026 expansion). Selected via updated methodology.,,,"Phase 3 expansion neighbourhood in Newham (1 selected in this local authority). Announced 4 Feb 2026, named 20 Mar 2026."
mayfield_rushmoor,Mayfield,Phase 3 (2026 Expansion),Rushmoor,England,£20m (10 years),Being established,N/A,N/A,51.248,-0.755,,Phase 3 (2026 expansion). Selected via updated methodology.,,,"Phase 3 expansion neighbourhood in Rushmoor (1 selected in this local authority). Announced 4 Feb 2026, named 20 Mar 2026."
tividale,Tividale,Phase 3 (2026 Expansion),Sandwell,England,£20m (10 years),Being established,N/A,N/A,52.517,-2.058,https://regeneratingsandwell.co.uk/about-1/funding-programmes/8,Phase 3 (2026 expansion). Selected via updated methodology.,,,"Phase 3 expansion neighbourhood in Sandwell (1 selected in this local authority). Announced 4 Feb 2026, named 20 Mar 2026."
st_nicholas_stevenage,St Nicholas,Phase 3 (2026 Expansion),Stevenage,England,£20m (10 years),Being established,N/A,N/A,51.917,-0.19,https://www.stevenage.gov.uk/town-and-community/pride-in-place-for-st-nicholas,Phase 3 (2026 expansion). Selected via updated methodology.,,,"Phase 3 expansion neighbourhood in Stevenage (1 selected in this local authority). Announced 4 Feb 2026, named 20 Mar 2026."
bradeley_chell_heath,Bradeley & Chell Heath,Phase 3 (2026 Expansion),Stoke-on-Trent,England,£20m (10 years),Being established,N/A,N/A,53.055,-2.185,https://www.stoke.gov.uk/info/20100/communities_and_safety/840/pride_in_place_in_bradeley_chell_heath_and_fegg_hayes,Phase 3 (2026 expansion). Selected via updated methodology.,,,"Phase 3 expansion neighbourhood in Stoke-on-Trent (1 selected in this local authority). Announced 4 Feb 2026, named 20 Mar 2026."
tilbury,Tilbury,Phase 3 (2026 Expansion),Thurrock,England,£20m (10 years),Being established,N/A,N/A,51.463,0.359,https://consult.thurrock.gov.uk/pride-in-place,Phase 3 (2026 expansion). Selected via updated methodology.,,,"Phase 3 expansion neighbourhood in Thurrock (1 selected in this local authority). Announced 4 Feb 2026, named 20 Mar 2026."
brownhills,Brownhills,Phase 3 (2026 Expansion),Walsall,England,£20m (10 years),Being established,N/A,N/A,52.647,-1.933,,Phase 3 (2026 expansion). Selected via updated methodology.,,,"Phase 3 expansion neighbourhood in Walsall (1 selected in this local authority). Announced 4 Feb 2026, named 20 Mar 2026."
waterloo_road_wolverhampton,Waterloo Road,Phase 3 (2026 Expansion),Wolverhampton,England,£20m (10 years),Being established,N/A,N/A,52.593,-2.135,https://www.wolverhampton.gov.uk/community/pride-place-whitmore-reans,Phase 3 (2026 expansion). Selected via updated methodology.,,,"Phase 3 expansion neighbourhood in Wolverhampton (1 selected in this local authority). Announced 4 Feb 2026, named 20 Mar 2026."
