id,name,type,lat,lng,phase,club_name,league,stadium,capacity,community_arm,community_arm_website,on_neighbourhood_board,notes
chesterfield,Chesterfield,pip_efl,53.235666,-1.4290929,phase_1,Chesterfield,League Two,Local Stadium,10600,Chesterfield Community Trust,https://cfcct.org.uk/,true,Generated from UK Parliament Phase 1 list.
mansfield,Mansfield,pip_efl,53.1443785,-1.1964165,phase_1,Mansfield Town,League One,Local Stadium,9186,Mansfield Town Community Trust,https://mansfieldtownfitc.net/,true,Generated from UK Parliament Phase 1 list.
accrington,Accrington,pip_efl,53.7541156,-2.3655434,phase_1,Accrington Stanley,League Two,Local Stadium,5450,Accrington Stanley Community Trust,http://www.stanleytrust.co.uk/,true,Generated from UK Parliament Phase 1 list.
newport,Newport,efl_only,51.5886,-2.988,none,Newport County,League Two,Rodney Parade,8700,Newport County Community Trust,https://www.countyinthecommunity.co.uk/,true,EFL club location. Removed from Pride in Place Phase 1 (not in official list — verified Jul 2026).
wrexham,Wrexham,pip_efl,53.0465084,-2.9937869,phase_1,Wrexham,Championship,Local Stadium,12600,Wrexham Community Trust,https://www.wrexhamafc.co.uk/wrexham-afc-foundation,true,Generated from UK Parliament Phase 1 list.
barnsley,Barnsley,pip_efl,53.5527719,-1.4827755,phase_1,Barnsley,League One,Local Stadium,23287,Barnsley Community Trust,http://www.barnsleyfccommunity.co.uk/,true,Generated from UK Parliament Phase 1 list.
doncaster,Doncaster,pip_efl,53.5227681,-1.1335312,phase_1,Doncaster Rovers,League One,Local Stadium,15231,Doncaster Rovers Community Trust,https://www.clubdoncasterfoundation.co.uk/,true,Generated from UK Parliament Phase 1 list.
grimsby,Grimsby,pip_efl,53.5671407,-0.0788045,phase_1,Grimsby Town,League Two,Local Stadium,9052,Grimsby Town Community Trust,https://grimsbytownfoundation.co.uk/,true,Generated from UK Parliament Phase 1 list.
rotherham,Rotherham,pip_efl,53.4314507,-1.3562051,phase_1,Rotherham United,League One,Local Stadium,12021,Rotherham United Community Trust,https://www.themillers.co.uk/club/community/,true,Generated from UK Parliament Phase 1 list.
birmingham_city,Birmingham City,efl_only,52.4756,-1.8683,none,Birmingham City,Championship,St Andrew's @ Knighthead Park,29409,Birmingham City Community Trust,https://bcfcfoundation.com/,false,EFL club located outside Phase 1 target areas.
blackburn_rovers,Blackburn Rovers,efl_only,53.7286,-2.4893,none,Blackburn Rovers,Championship,Ewood Park,31367,Blackburn Rovers Community Trust,https://www.rovers.co.uk/community/,false,EFL club located outside Phase 1 target areas.
bristol_city,Bristol City,efl_only,51.44,-2.6202,none,Bristol City,Championship,Ashton Gate,27000,Bristol City Community Trust,https://www.bcfc.co.uk/robins-foundation/,false,EFL club located outside Phase 1 target areas.
charlton_athletic,Charlton Athletic,efl_only,51.4865,0.0364,none,Charlton Athletic,Championship,The Valley,27111,Charlton Athletic Community Trust,http://www.cact.org.uk/,false,EFL club located outside Phase 1 target areas.
coventry_city,Coventry City,efl_only,52.4481,-1.4956,none,Coventry City,Championship,Coventry Building Society Arena,32609,Coventry City Community Trust,https://www.ccfc.co.uk/community/,false,EFL club located outside Phase 1 target areas.
derby_county,Derby County,efl_only,52.9149,-1.4472,none,Derby County,Championship,Pride Park Stadium,33597,Derby County Community Trust,https://www.derbycountycommunitytrust.com/,false,EFL club located outside Phase 1 target areas.
hull_city,Hull City,efl_only,53.7466,-0.3676,none,Hull City,Championship,MKM Stadium,25586,Hull City Community Trust,https://www.tigerstrust.co.uk/,false,EFL club located outside Phase 1 target areas.
ipswich_town,Ipswich Town,efl_only,52.055,1.1447,none,Ipswich Town,Championship,Portman Road,30056,Ipswich Town Community Trust,https://www.itfcfoundation.co.uk/,false,EFL club located outside Phase 1 target areas.
leicester_city,Leicester City,efl_only,52.6204,-1.1422,none,Leicester City,Championship,King Power Stadium,32312,Leicester City Community Trust,https://www.lcfc.com/community,false,EFL club located outside Phase 1 target areas.
middlesbrough,Middlesbrough,efl_only,54.5781,-1.217,none,Middlesbrough,Championship,Riverside Stadium,34742,Middlesbrough Community Trust,https://www.mfcfoundation.co.uk/,false,EFL club located outside Phase 1 target areas.
millwall,Millwall,efl_only,51.4859,-0.0509,none,Millwall,Championship,The Den,20146,Millwall Community Trust,https://www.millwallcommunity.org.uk/,false,EFL club located outside Phase 1 target areas.
norwich_city,Norwich City,efl_only,52.6221,1.3091,none,Norwich City,Championship,Carrow Road,27359,Norwich City Community Trust,https://www.communitysportsfoundation.org.uk/,false,EFL club located outside Phase 1 target areas.
oxford_united,Oxford United,efl_only,51.7166,-1.2087,none,Oxford United,Championship,Kassam Stadium,12500,Oxford United Community Trust,https://www.ouitc.org/,false,EFL club located outside Phase 1 target areas.
portsmouth,Portsmouth,efl_only,50.7964,-1.0639,none,Portsmouth,Championship,Fratton Park,20620,Portsmouth Community Trust,https://www.pompeyitc.co.uk/,false,EFL club located outside Phase 1 target areas.
preston_north_end,Preston North End,efl_only,53.7722,-2.6881,none,Preston North End,Championship,Deepdale,23404,Preston North End Community Trust,https://www.pnefc.net/PNECET/,false,EFL club located outside Phase 1 target areas.
queens_park_rangers,Queens Park Rangers,efl_only,51.5093,-0.2321,none,Queens Park Rangers,Championship,Loftus Road,18439,Queens Park Rangers Community Trust,https://www.qpr.co.uk/community/,false,EFL club located outside Phase 1 target areas.
sheffield_united,Sheffield United,efl_only,53.3703,-1.4709,none,Sheffield United,Championship,Bramall Lane,32050,Sheffield United Community Trust,https://sufc-community.com/,false,EFL club located outside Phase 1 target areas.
sheffield_wednesday,Sheffield Wednesday,efl_only,53.4114,-1.5006,none,Sheffield Wednesday,Championship,Hillsborough,39732,Sheffield Wednesday Community Trust,https://www.swfc.co.uk/swfc-community-programme,false,EFL club located outside Phase 1 target areas.
southampton,Southampton,efl_only,50.9058,-1.3911,none,Southampton,Championship,St Mary's Stadium,32384,Southampton Community Trust,https://www.southamptonfc.com/en/saints-foundation-home,false,EFL club located outside Phase 1 target areas.
stoke_city,Stoke City,efl_only,52.9884,-2.1754,none,Stoke City,Championship,bet365 Stadium,30089,Stoke City Community Trust,https://www.stokecityfc.com/community/,false,EFL club located outside Phase 1 target areas.
swansea_city,Swansea City,efl_only,51.6423,-3.9351,none,Swansea City,Championship,Swansea.com Stadium,21088,Swansea City Community Trust,https://www.swanseacity.com/swansea-city-afc-foundation,false,EFL club located outside Phase 1 target areas.
watford,Watford,efl_only,51.6499,-0.4015,none,Watford,Championship,Vicarage Road,22200,Watford Community Trust,https://www.watfordfccsetrust.com/,false,EFL club located outside Phase 1 target areas.
west_bromwich_albion,West Bromwich Albion,efl_only,52.509,-1.9639,none,West Bromwich Albion,Championship,The Hawthorns,26850,West Bromwich Albion Community Trust,https://www.wba.co.uk/foundation,false,EFL club located outside Phase 1 target areas.
afc_wimbledon,AFC Wimbledon,efl_only,51.4318,-0.1872,none,AFC Wimbledon,League One,Plough Lane,9215,AFC Wimbledon Community Trust,http://afcwimbledonfoundation.com/,false,EFL club located outside Phase 1 target areas.
blackpool,Blackpool,efl_only,53.8046,-3.048,none,Blackpool,League One,Bloomfield Road,16616,Blackpool Community Trust,https://www.bfcct.co.uk/,false,EFL club located outside Phase 1 target areas.
bolton_wanderers,Bolton Wanderers,efl_only,53.5805,-2.5355,none,Bolton Wanderers,League One,Toughsheet Community Stadium,28723,Bolton Wanderers Community Trust,http://www.bwct.org.uk/,false,EFL club located outside Phase 1 target areas.
bradford_city,Bradford City,efl_only,53.8044,-1.759,none,Bradford City,League One,Valley Parade,25136,Bradford City Community Trust,https://www.bradfordcitycf.org.uk/,false,EFL club located outside Phase 1 target areas.
burton_albion,Burton Albion,efl_only,52.8218,-1.627,none,Burton Albion,League One,Pirelli Stadium,6912,Burton Albion Community Trust,http://burtonalbioncommunitytrust.co.uk/,false,EFL club located outside Phase 1 target areas.
cardiff_city,Cardiff City,efl_only,51.4728,-3.203,none,Cardiff City,League One,Cardiff City Stadium,33280,Cardiff City Community Trust,https://www.cardiffcityfcfoundation.org.uk/,false,EFL club located outside Phase 1 target areas.
exeter_city,Exeter City,efl_only,50.7307,-3.5211,none,Exeter City,League One,St James Park,8696,Exeter City Community Trust,https://exetercct.org/,false,EFL club located outside Phase 1 target areas.
huddersfield_town,Huddersfield Town,efl_only,53.6543,-1.7683,none,Huddersfield Town,League One,John Smith's Stadium,24121,Huddersfield Town Community Trust,https://www.htafcfoundation.com/,false,EFL club located outside Phase 1 target areas.
leyton_orient,Leyton Orient,efl_only,51.5601,-0.0126,none,Leyton Orient,League One,Brisbane Road,9271,Leyton Orient Community Trust,https://www.leytonorienttrust.org.uk/,false,EFL club located outside Phase 1 target areas.
lincoln_city,Lincoln City,efl_only,53.2184,-0.5407,none,Lincoln City,League One,LNER Stadium,10669,Lincoln City Community Trust,https://www.lincolncityfoundation.com/,false,EFL club located outside Phase 1 target areas.
luton_town,Luton Town,efl_only,51.8842,-0.4316,none,Luton Town,League One,Kenilworth Road,11500,Luton Town Community Trust,https://www.lutontowncommunity.co.uk/,false,EFL club located outside Phase 1 target areas.
northampton_town,Northampton Town,efl_only,52.2354,-0.9335,none,Northampton Town,League One,Sixfields Stadium,8199,Northampton Town Community Trust,https://www.ntfc.co.uk/community,false,EFL club located outside Phase 1 target areas.
peterborough_united,Peterborough United,efl_only,52.5648,-0.2405,none,Peterborough United,League One,Weston Homes Stadium,15314,Peterborough United Community Trust,https://theposhfoundation.com/,false,EFL club located outside Phase 1 target areas.
plymouth_argyle,Plymouth Argyle,efl_only,50.3881,-4.1509,none,Plymouth Argyle,League One,Home Park,17900,Plymouth Argyle Community Trust,https://argylecommunitytrust.co.uk/,false,EFL club located outside Phase 1 target areas.
port_vale,Port Vale,efl_only,53.0499,-2.1925,none,Port Vale,League One,Vale Park,15036,Port Vale Community Trust,https://www.port-vale.co.uk/portvalefoundation,false,EFL club located outside Phase 1 target areas.
reading,Reading,efl_only,51.4222,-0.9826,none,Reading,League One,Select Car Leasing Stadium,24161,Reading Community Trust,https://www.readingfc.co.uk/community-trust/,false,EFL club located outside Phase 1 target areas.
stevenage,Stevenage,efl_only,51.8898,-0.1937,none,Stevenage,League One,Lamex Stadium,7800,Stevenage Community Trust,https://stevenagefcfoundation.com/,false,EFL club located outside Phase 1 target areas.
stockport_county,Stockport County,efl_only,53.4004,-2.1688,none,Stockport County,League One,Edgeley Park,10852,Stockport County Community Trust,https://www.stockportcounty.com/community/,false,EFL club located outside Phase 1 target areas.
wigan_athletic,Wigan Athletic,efl_only,53.5477,-2.6538,none,Wigan Athletic,League One,Brick Community Stadium,25138,Wigan Athletic Community Trust,https://wiganathletic.com/wigan-athletic-community-trust/,false,EFL club located outside Phase 1 target areas.
wycombe_wanderers,Wycombe Wanderers,efl_only,51.6306,-0.8002,none,Wycombe Wanderers,League One,Adams Park,10137,Wycombe Wanderers Community Trust,https://wycombewanderersfoundation.co.uk/,false,EFL club located outside Phase 1 target areas.
barnet,Barnet,efl_only,51.603,-0.2933,none,Barnet,League Two,The Hive Stadium,6500,Barnet Community Trust,https://thehivefoundation.com/,false,EFL club located outside Phase 1 target areas.
barrow,Barrow,efl_only,54.1225,-3.2337,none,Barrow,League Two,Holker Street,5045,Barrow Community Trust,https://www.barrowafc.com/our-foundation,false,EFL club located outside Phase 1 target areas.
bristol_rovers,Bristol Rovers,efl_only,51.4862,-2.583,none,Bristol Rovers,League Two,Memorial Stadium,9832,Bristol Rovers Community Trust,http://www.bristolroverscommunity.org.uk/,false,EFL club located outside Phase 1 target areas.
bromley,Bromley,efl_only,51.391,0.0217,none,Bromley,League Two,Hayes Lane,5000,Bromley Community Trust,https://www.bromleyfc.org/,false,EFL club located outside Phase 1 target areas.
cambridge_united,Cambridge United,efl_only,52.2122,0.1544,none,Cambridge United,League Two,Abbey Stadium,8127,Cambridge United Community Trust,https://www.cuctrust.co.uk/,false,EFL club located outside Phase 1 target areas.
cheltenham_town,Cheltenham Town,efl_only,51.9062,-2.0602,none,Cheltenham Town,League Two,Whaddon Road,7066,Cheltenham Town Community Trust,http://www.ctfccp.com/,false,EFL club located outside Phase 1 target areas.
colchester_united,Colchester United,efl_only,51.9234,0.8977,none,Colchester United,League Two,JobServe Community Stadium,10105,Colchester United Community Trust,https://www.cu-fc.com/cucf,false,EFL club located outside Phase 1 target areas.
crawley_town,Crawley Town,efl_only,51.0995,-0.1949,none,Crawley Town,League Two,Broadfield Stadium,6134,Crawley Town Community Trust,https://www.ctcommunityfoundation.com/,false,EFL club located outside Phase 1 target areas.
crewe_alexandra,Crewe Alexandra,efl_only,53.0875,-2.4356,none,Crewe Alexandra,League Two,Gresty Road,10153,Crewe Alexandra Community Trust,https://www.crewealex.net/club/crewe-alexandra-in-the-community,false,EFL club located outside Phase 1 target areas.
fleetwood_town,Fleetwood Town,efl_only,53.9166,-3.0246,none,Fleetwood Town,League Two,Highbury Stadium,5327,Fleetwood Town Community Trust,http://www.fleetwoodtownfcct.com/,false,EFL club located outside Phase 1 target areas.
gillingham,Gillingham,efl_only,51.3842,0.5606,none,Gillingham,League Two,Priestfield Stadium,11582,Gillingham Community Trust,https://www.gillinghamfootballclub.com/foundation,false,EFL club located outside Phase 1 target areas.
harrogate_town,Harrogate Town,efl_only,53.988,-1.5127,none,Harrogate Town,League Two,Wetherby Road,5000,Harrogate Town Community Trust,https://www.htafccommunity.co.uk/,false,EFL club located outside Phase 1 target areas.
milton_keynes_dons,Milton Keynes Dons,efl_only,52.0096,-0.7334,none,Milton Keynes Dons,League Two,Stadium MK,30500,Milton Keynes Dons Community Trust,https://www.mkdonsset.com/,false,EFL club located outside Phase 1 target areas.
notts_county,Notts County,efl_only,52.9425,-1.1373,none,Notts County,League Two,Meadow Lane,19841,Notts County Community Trust,https://www.nottscountyfoundation.org.uk/,false,EFL club located outside Phase 1 target areas.
oldham_athletic,Oldham Athletic,efl_only,53.5551,-2.1284,none,Oldham Athletic,League Two,Boundary Park,13512,Oldham Athletic Community Trust,https://www.oldhamathletic.co.uk/community-trust/,false,EFL club located outside Phase 1 target areas.
salford_city,Salford City,efl_only,53.5133,-2.2765,none,Salford City,League Two,Peninsula Stadium,5108,Salford City Community Trust,https://foundation92.co.uk/,false,EFL club located outside Phase 1 target areas.
shrewsbury_town,Shrewsbury Town,efl_only,52.6886,-2.7494,none,Shrewsbury Town,League Two,Croud Meadow,9875,Shrewsbury Town Community Trust,https://www.shrewsburytown.com/shrewsbury-town-fc-foundation,false,EFL club located outside Phase 1 target areas.
swindon_town,Swindon Town,efl_only,51.5645,-1.771,none,Swindon Town,League Two,County Ground,15728,Swindon Town Community Trust,https://www.stfcfoundation.com/,false,EFL club located outside Phase 1 target areas.
tranmere_rovers,Tranmere Rovers,efl_only,53.3736,-3.0326,none,Tranmere Rovers,League Two,Prenton Park,16587,Tranmere Rovers Community Trust,https://www.tranmererovers.co.uk/community/,false,EFL club located outside Phase 1 target areas.
walsall,Walsall,efl_only,52.5654,-1.9905,none,Walsall,League Two,Bescot Stadium,11300,Walsall Community Trust,https://www.walsallfccp.co.uk/,false,EFL club located outside Phase 1 target areas.
